Ano, Mês, Musica, Artista, Link
1960, Janeiro, El Paso, Marty Robbins, https://open.spotify.com/track/4f8hBeMXMvssn6HtFAtblo
1960, Fevereiro, Teen Angel, Mark Dinning, https://open.spotify.com/track/4gZi2M0a7K1W7DXhP0o3l1
1960, Março, Theme from 'A Summer Place', Percy Faith & His Orchestra, https://open.spotify.com/track/6zwvB879PJSpTyFcg2wwnL
1960, Abril, Theme from 'A Summer Place', Percy Faith & His Orchestra, https://open.spotify.com/track/6zwvB879PJSpTyFcg2wwnL
1960, Maio, Stuck on You, Elvis Presley, https://open.spotify.com/track/6HPLeKiNm92RbykX2BDTUB
1960, Junho, Cathy's Clown, The Everly Brothers, https://open.spotify.com/intl-pt/track/1MA9StLzlFftLbuqOmoWij?si=19c9da8e0a384202
1960, Julho, Everybody's Somebody's Fool, Connie Francis, https://open.spotify.com/track/3FdZ5L5cEBC3C6y5l2YFQx
1960, Agosto, It's Now or Never, Elvis Presley, https://open.spotify.com/track/1wPNlV8bXf2j6XkVZ7p3tK
1960, Setembro, The Twist, Chubby Checker, https://open.spotify.com/track/4LvwDZ4ZaWZv3tJ7k7jSRI
1960, Outubro, Mr. Custer, Larry Verne, https://open.spotify.com/track/5Z7y7k7U4bE7zqZ5Z5z5Z5
1960, Novembro, Georgia on My Mind, Ray Charles, https://open.spotify.com/track/6Z3fsQfKc6c2qzXZ5Z5Z5Z
1960, Dezembro, Stay, Maurice Williams & The Zodiacs, https://open.spotify.com/track/6Z3fsQfKc6c2qzXZ5Z5Z5Z
1961, Janeiro, Wonderland by Night, Bert Kaempfert & His Orchestra, https://open.spotify.com/track/6Z3fsQfKc6c2qzXZ5Z5Z5Z
1961, Fevereiro, Calcutta, Lawrence Welk & His Orchestra, https://open.spotify.com/track/6Z3fsQfKc6c2qzXZ5Z5Z5Z
1961, Março, Pony Time, Chubby Checker, https://open.spotify.com/track/6Z3fsQfKc6c2qzXZ5Z5Z5Z
1961, Abril, Blue Moon, The Marcels, https://open.spotify.com/track/6Z3fsQfKc6c2qzXZ5Z5Z5Z
1961, Maio, Runaway, Del Shannon, https://open.spotify.com/track/6Z3fsQfKc6c2qzXZ5Z5Z5Z
1961, Junho, Travelin' Man, Ricky Nelson, https://open.spotify.com/track/6Z3fsQfKc6c2qzXZ5Z5Z5Z
1961, Julho, Tossin' and Turnin', Bobby Lewis, https://open.spotify.com/track/6Z3fsQfKc6c2qzXZ5Z5Z5Z
1961, Agosto, Quarter to Three, Gary U.S. Bonds, https://open.spotify.com/track/6Z3fsQfKc6c2qzXZ5Z5Z5Z
1961, Setembro, Michael, The Highwaymen, https://open.spotify.com/track/6Z3fsQfKc6c2qzXZ5Z5Z5Z
1961, Outubro, Take Good Care of My Baby, Bobby Vee, https://open.spotify.com/track/6Z3fsQfKc6c2qzXZ5Z5Z5Z
1961, Novembro, Big Bad John, Jimmy Dean, https://open.spotify.com/track/6Z3fsQfKc6c2qzXZ5Z5Z5Z
1961, Dezembro, The Lion Sleeps Tonight, The Tokens, https://open.spotify.com/track/6Z3fsQfKc6c2qzXZ5Z5Z5Z
1962, Janeiro, The Twist, Chubby Checker, https://open.spotify.com/track/4LvwDZ4ZaWZv3tJ7k7jSRI
1962, Fevereiro, Peppermint Twist - Part 1, Joey Dee & The Starliters, https://open.spotify.com/track/6Z3fsQfKc6c2qzXZ5Z5Z5Z
1962, Março, Hey! Baby, Bruce Channel, https://open.spotify.com/track/6Z3fsQfKc6c2qzXZ5Z5Z5Z
1962, Abril, Johnny Angel, Shelley Fabares, https://open.spotify.com/track/6Z3fsQfKc6c2qzXZ5Z5Z5Z
1962, Maio, Soldier Boy, The Shirelles, https://open.spotify.com/track/6Z3fsQfKc6c2qzXZ5Z5Z5Z
1962, Junho, I Can't Stop Loving You, Ray Charles, https://open.spotify.com/track/6Z3fsQfKc6c2qzXZ5Z5Z5Z
1962, Julho, Roses Are Red (My Love), Bobby Vinton, https://open.spotify.com/track/6Z3fsQfKc6c2qzXZ5Z5Z5Z
1962, Agosto, Breaking Up Is Hard to Do, Neil Sedaka, https://open.spotify.com/track/6Z3fsQfKc6c2qzXZ5Z5Z5Z
1962, Setembro, Sherry, The Four Seasons, https://open.spotify.com/track/6Z3fsQfKc6c2qzXZ5Z5Z5Z
1962, Outubro, Monster Mash, Bobby Boris Pickett & The Crypt-Kickers, https://open.spotify.com/track/6Z3fsQfKc6c2qzXZ5Z5Z5Z
1962, Novembro, He's a Rebel, The Crystals, https://open.spotify.com/track/6Z3fsQfKc6c2qzXZ5Z5Z5Z
1962, Dezembro, Telstar, The Tornados, https://open.spotify.com/track/6Z3fsQfKc6c2qzXZ5Z5Z5Z
1963, Janeiro, Go Away Little Girl, Steve Lawrence, https://open.spotify.com/track/6Z3fsQfKc6c2qzXZ5Z5Z5Z
1963, Fevereiro, Walk Like a Man, The Four Seasons, https://open.spotify.com/track/6Z3fsQfKc6c2qzXZ5Z5Z5Z
1963, Março, Our Day Will Come, Ruby & The Romantics, https://open.spotify.com/track/6Z3fsQfKc6c2qzXZ5Z5Z5Z
1963, Abril, He's So Fine, The Chiffons, https://open.spotify.com/track/6Z3fsQfKc6c2qzXZ5Z5Z5Z
1963, Maio, I Will Follow Him, Little Peggy March, https://open.spotify.com/track/6Z3fsQfKc6c2qzXZ5Z5Z5Z
1963, Junho, It's My Party, Lesley Gore, https://open.spotify.com/track/6Z3fsQfKc6c2qzXZ5Z5Z5Z
1963, Julho, Sukiyaki, Kyu Sakamoto, https://open.spotify.com/track/6Z3fsQfKc6c2qzXZ5Z5Z5Z
1963, Agosto, Fingertips - Pt 2, Little Stevie Wonder, https://open.spotify.com/track/6Z3fsQfKc6c2qzXZ5Z5Z5Z
1963, Setembro, My Boyfriend's Back, The Angels, https://open.spotify.com/track/6Z3fsQfKc6c2qzXZ5Z5Z5Z
1963, Outubro, Sugar Shack, Jimmy Gilmer & The Fireballs, https://open.spotify.com/track/6Z3fsQfKc6c2qzXZ5Z5Z5Z
1963, Novembro, Deep Purple, Nino Tempo & April Stevens, https://open.spotify.com/track/6Z3fsQfKc6c2qzXZ5Z5Z5Z
1963, Dezembro, Dominique, The Singing Nun, https://open.spotify.com/track/6Z3fsQfKc6c2qzXZ5Z5Z5Z
1964, Janeiro, There! I've Said It Again, Bobby Vinton, https://open.spotify.com/track/6Z3fsQfKc6c2qzXZ5Z5Z5Z
1964, Fevereiro, I Want to Hold Your Hand, The Beatles, https://open.spotify.com/track/6Z3fsQfKc6c2qzXZ5Z5Z5Z
1964, Março, She Loves You, The Beatles, https://open.spotify.com/track/6Z3fsQfKc6c2qzXZ5Z5Z5Z
1964, Abril, Can't Buy Me Love, The Beatles, https://open.spotify.com/track/6Z3fsQfKc6c2qzXZ5Z5Z5Z
1964, Maio, Hello Dolly!, Louis Armstrong, https://open.spotify.com/track/6Z3fsQfKc6c2qzXZ5Z5Z5Z
1964, Junho, My Guy, Mary Wells, https://open.spotify.com/track/6Z3fsQfKc6c2qzXZ5Z5Z5Z
1964, Julho, A World Without Love, Peter & Gordon, https://open.spotify.com/track/6Z3fsQfKc6c2qzXZ5Z5Z5Z
1964, Agosto, Rag Doll, The Four Seasons, https://open.spotify.com/track/6Z3fsQfKc6c2qzXZ5Z5Z5Z
1964, Setembro, The House of the Rising Sun, The Animals, https://open.spotify.com/track/6Z3fsQfKc6c2qzXZ5Z5Z5Z
1964, Outubro, Oh Pretty Woman, Roy Orbison, https://open.spotify.com/track/6Z3fsQfKc6c2qzXZ5Z5Z5Z
1964, Novembro, Baby Love, The Supremes, https://open.spotify.com/track/6Z3fsQfKc6c2qzXZ5Z5Z5Z
1964, Dezembro, Ringo, Lorne Greene, https://open.spotify.com/track/6Z3fsQfKc6c2qzXZ5Z5Z5Z
1965, Janeiro, Come See About Me, The Supremes, https://open.spotify.com/track/6Z3fsQfKc6c2qzXZ5Z5Z5Z
1965, Fevereiro, You've Lost That Lovin' Feelin', The Righteous Brothers, https://open.spotify.com/track/6Z3fsQfKc6c2qzXZ5Z5Z5Z
1965, Março, This Diamond Ring, Gary Lewis & The Playboys, https://open.spotify.com/track/6Z3fsQfKc6c2qzXZ5Z5Z5Z
1965, Abril, Stop! In the Name of Love, The Supremes, https://open.spotify.com/track/6Z3fsQfKc6c2qzXZ5Z5Z5Z
1965, Maio, Help Me Rhonda, The Beach Boys, https://open.spotify.com/track/6Z3fsQfKc6c2qzXZ5Z5Z5Z
1965, Junho, Back in My Arms Again, The Supremes, https://open.spotify.com/track/6Z3fsQfKc6c2qzXZ5Z5Z5Z
1965, Julho, I Can't Help Myself (Sugar Pie Honey Bunch), The Four Tops, https://open.spotify.com/track/6Z3fsQfKc6c2qzXZ5Z5Z5Z
1965, Agosto, (I Can't Get No) Satisfaction, The Rolling Stones, https://open.spotify.com/track/6Z3fsQfKc6c2qzXZ5Z5Z5Z
1965, Setembro, Help!, The Beatles, https://open.spotify.com/track/6Z3fsQfKc6c2qzXZ5Z5Z5Z
1965, Outubro, Yesterday, The Beatles, https://open.spotify.com/track/6Z3fsQfKc6c2qzXZ5Z5Z5Z
1965, Novembro, Get Off of My Cloud, The Rolling Stones, https://open.spotify.com/track/6Z3fsQfKc6c2qzXZ5Z5Z5Z
1965, Dezembro, Turn! Turn! Turn! (To Everything There Is a Season), The Byrds, https://open.spotify.com/track/6Z3fsQfKc6c2qzXZ5Z5Z5Z
1966, Janeiro, The Sound of Silence, Simon & Garfunkel, https://open.spotify.com/track/6Z3fsQfKc6c2qzXZ5Z5Z5Z
1966, Fevereiro, Lightnin' Strikes, Lou Christie, https://open.spotify.com/track/6Z3fsQfKc6c2qzXZ5Z5Z5Z
1966, Março, Ballad of the Green Berets, SSgt Barry Sadler, https://open.spotify.com/track/6Z3fsQfKc6c2qzXZ5Z5Z5Z
1966, Abril, (You're My) Soul and Inspiration, The Righteous Brothers, https://open.spotify.com/track/6Z3fsQfKc6c2qzXZ5Z5Z5Z
1966, Maio, Monday  Monday, The Mamas & The Papas, https://open.spotify.com/track/6Z3fsQfKc6c2qzXZ5Z5Z5Z
1966, Junho, Paint It Black, The Rolling Stones, https://open.spotify.com/track/6Z3fsQfKc6c2qzXZ5Z5Z5Z
1966, Julho, Strangers in the Night, Frank Sinatra, https://open.spotify.com/track/6Z3fsQfKc6c2qzXZ5Z5Z5Z
1966, Agosto, Wild Thing, The Troggs, https://open.spotify.com/track/6Z3fsQfKc6c2qzXZ5Z5Z5Z
1966, Setembro, Summer in the City, The Lovin' Spoonful, https://open.spotify.com/track/6Z3fsQfKc6c2qzXZ5Z5Z5Z
1966, Outubro, You Can't Hurry Love, The Supremes, https://open.spotify.com/track/6Z3fsQfKc6c2qzXZ5Z5Z5Z
1966, Novembro, Reach Out I'll Be There, The Four Tops, https://open.spotify.com/track/6Z3fsQfKc6c2qzXZ5Z5Z5Z
1966, Dezembro, Good Vibrations, The Beach Boys, https://open.spotify.com/track/6Z3fsQfKc6c2qzXZ5Z5Z5Z
1967, Janeiro, I'm a Believer, The Monkees, https://open.spotify.com/track/6Z3fsQfKc6c2qzXZ5Z5Z5Z
1967, Fevereiro, Kind of a Drag, The Buckinghams, https://open.spotify.com/track/6Z3fsQfKc6c2qzXZ5Z5Z5Z
1967, Março, Ruby Tuesday, The Rolling Stones, https://open.spotify.com/track/6Z3fsQfKc6c2qzXZ5Z5Z5Z
1967, Abril, Somethin' Stupid, Frank & Nancy Sinatra, https://open.spotify.com/track/6Z3fsQfKc6c2qzXZ5Z5Z5Z
1967, Maio, The Happening, The Supremes, https://open.spotify.com/track/6Z3fsQfKc6c2qzXZ5Z5Z5Z
1967, Junho, Respect, Aretha Franklin, https://open.spotify.com/track/6Z3fsQfKc6c2qzXZ5Z5Z5Z
1967, Julho, Windy, The Association, https://open.spotify.com/track/6Z3fsQfKc6c2qzXZ5Z5Z5Z
1967, Agosto, Light My Fire, The Doors, https://open.spotify.com/track/6Z3fsQfKc6c2qzXZ5Z5Z5Z
1967, Setembro, Ode to Billie Joe, Bobbie Gentry, https://open.spotify.com/track/6Z3fsQfKc6c2qzXZ5Z5Z5Z
1967, Outubro, To Sir with Love, Lulu, https://open.spotify.com/track/6Z3fsQfKc6c2qzXZ5Z5Z5Z
1967, Novembro, Incense and Peppermints, Strawberry Alarm Clock, https://open.spotify.com/track/6Z3fsQfKc6c2qzXZ5Z5Z5Z
1967, Dezembro, Hello Goodbye, The Beatles, https://open.spotify.com/track/6Z3fsQfKc6c2qzXZ5Z5Z5Z
1968, Janeiro, Judy in Disguise (With Glasses), John Fred & His Playboy Band, https://open.spotify.com/track/6Z3fsQfKc6c2qzXZ5Z5Z5Z
1968, Fevereiro, Love Is Blue, Paul Mauriat & His Orchestra, https://open.spotify.com/track/6Z3fsQfKc6c2qzXZ5Z5Z5Z
1968, Março, Dock of the Bay, Otis Redding, https://open.spotify.com/track/6Z3fsQfKc6c2qzXZ5Z5Z5Z
1968, Abril, Honey, Bobby Goldsboro, https://open.spotify.com/track/6Z3fsQfKc6c2qzXZ5Z5Z5Z
1968, Maio, Tighten Up, Archie Bell & The Drells, https://open.spotify.com/track/6Z3fsQfKc6c2qzXZ5Z5Z5Z
1968, Junho, Mrs. Robinson, Simon & Garfunkel, https://open.spotify.com/track/6Z3fsQfKc6c2qzXZ5Z5Z5Z
1968, Julho, This Guy's in Love with You, Herb Alpert, https://open.spotify.com/track/6Z3fsQfKc6c2qzXZ5Z5Z5Z
1968, Agosto, Hello I Love You, The Doors, https://open.spotify.com/track/6Z3fsQfKc6c2qzXZ5Z5Z5Z
1968, Setembro, Harper Valley P.T.A., Jeannie C. Riley, https://open.spotify.com/track/6Z3fsQfKc6c2qzXZ5Z5Z5Z
1968, Outubro, Hey Jude, The Beatles, https://open.spotify.com/track/6Z3fsQfKc6c2qzXZ5Z5Z5Z
1968, Novembro, Love Child, The Supremes, https://open.spotify.com/track/6Z3fsQfKc6c2qzXZ5Z5Z5Z
1968, Dezembro, I Heard It Through the Grapevine, Marvin Gaye, https://open.spotify.com/track/6Z3fsQfKc6c2qzXZ5Z5Z5Z
1969, Janeiro, I Heard It Through the Grapevine, Marvin Gaye, https://open.spotify.com/track/6Z3fsQfKc6c2qzXZ5Z5Z5Z
1969, Fevereiro, Crimson and Clover, Tommy James & The Shondells, https://open.spotify.com/track/6Z3fsQfKc6c2qzXZ5Z5Z5Z
1969, Março, Everyday People, Sly & The Family Stone, https://open.spotify.com/track/6Z3fsQfKc6c2qzXZ5Z5Z5Z
1969, Abril, Aquarius/Let the Sunshine In, The 5th Dimension, https://open.spotify.com/track/6Z3fsQfKc6c2qzXZ5Z5Z5Z
1969, Maio, Get Back, The Beatles, https://open.spotify.com/track/6Z3fsQfKc6c2qzXZ5Z5Z5Z
1969, Junho, Love Theme from 'Romeo and Juliet', Henry Mancini, https://open.spotify.com/track/6Z3fsQfKc6c2qzXZ5Z5Z5Z
1969, Julho, In the Year 2525 (Exordium & Terminus), Zager & Evans, https://open.spotify.com/track/6Z3fsQfKc6c2qzXZ5Z5Z5Z
1969, Agosto, Honky Tonk Women, The Rolling Stones, https://open.spotify.com/track/6Z3fsQfKc6c2qzXZ5Z5Z5Z
1969, Setembro, Sugar Sugar, The Archies, https://open.spotify.com/track/6Z3fsQfKc6c2qzXZ5Z5Z5Z
1969, Outubro, I Can't Get Next to You, The Temptations, https://open.spotify.com/track/6Z3fsQfKc6c2qzXZ5Z5Z5Z
1969, Novembro, Suspicious Minds, Elvis Presley, https://open.spotify.com/track/6Z3fsQfKc6c2qzXZ5Z5Z5Z
1969, Dezembro, Na Na Hey Hey Kiss Him Goodbye, Steam, https://open.spotify.com/track/6Z3fsQfKc6c2qzXZ5Z5Z5Z
1970, Janeiro, Raindrops Keep Fallin' on My Head, B.J. Thomas, https://open.spotify.com/track/6Z3fsQfKc6c2qzXZ5Z5Z5Z
1970, Fevereiro, I Want You Back, The Jackson 5, https://open.spotify.com/track/6Z3fsQfKc6c2qzXZ5Z5Z5Z
1970, Março, Bridge Over Troubled Water, Simon & Garfunkel, https://open.spotify.com/track/6Z3fsQfKc6c2qzXZ5Z5Z5Z
1970, Abril, Let It Be, The Beatles, https://open.spotify.com/track/6Z3fsQfKc6c2qzXZ5Z5Z5Z
1970, Maio, American Woman, The Guess Who, https://open.spotify.com/track/6Z3fsQfKc6c2qzXZ5Z5Z5Z
1970, Junho, Everything Is Beautiful, Ray Stevens, https://open.spotify.com/track/6Z3fsQfKc6c2qzXZ5Z5Z5Z
1970, Julho, The Long and Winding Road, The Beatles, https://open.spotify.com/track/6Z3fsQfKc6c2qzXZ5Z5Z5Z
1970, Agosto, (They Long to Be) Close to You, The Carpenters, https://open.spotify.com/track/6Z3fsQfKc6c2qzXZ5Z5Z5Z
1970, Setembro, Make It with You, Bread, https://open.spotify.com/track/6Z3fsQfKc6c2qzXZ5Z5Z5Z
1970, Outubro, War, Edwin Starr, https://open.spotify.com/track/6Z3fsQfKc6c2qzXZ5Z5Z5Z
1970, Novembro, I'll Be There, The Jackson 5, https://open.spotify.com/track/6Z3fsQfKc6c2qzXZ5Z5Z5Z
1970, Dezembro, My Sweet Lord, George Harrison, https://open.spotify.com/track/6Z3fsQfKc6c2qzXZ5Z5Z5Z
1971, Janeiro, My Sweet Lord, George Harrison, https://open.spotify.com/track/6Z3fsQfKc6c2qzXZ5Z5Z5Z
1971, Fevereiro, One Bad Apple, The Osmonds, https://open.spotify.com/track/6Z3fsQfKc6c2qzXZ5Z5Z5Z
1971, Março, Knock Three Times, Dawn, https://open.spotify.com/track/6Z3fsQfKc6c2qzXZ5Z5Z5Z
1971, Abril, Joy to the World, Three Dog Night, https://open.spotify.com/track/6Z3fsQfKc6c2qzXZ5Z5Z5Z
1971, Maio, Brown Sugar, The Rolling Stones, https://open.spotify.com/track/6Z3fsQfKc6c2qzXZ5Z5Z5Z
1971, Junho, Want Ads, The Honey Cone, https://open.spotify.com/track/6Z3fsQfKc6c2qzXZ5Z5Z5Z
1971, Julho, It's Too Late, Carole King, https://open.spotify.com/track/6Z3fsQfKc6c2qzXZ5Z5Z5Z
1971, Agosto, How Can You Mend a Broken Heart, Bee Gees, https://open.spotify.com/track/6Z3fsQfKc6c2qzXZ5Z5Z5Z
1971, Setembro, Go Away Little Girl, Donny Osmond, https://open.spotify.com/track/6Z3fsQfKc6c2qzXZ5Z5Z5Z
1971, Outubro, Maggie May, Rod Stewart, https://open.spotify.com/track/6Z3fsQfKc6c2qzXZ5Z5Z5Z
1971, Novembro, Gypsys Tramps & Thieves, Cher, https://open.spotify.com/track/6Z3fsQfKc6c2qzXZ5Z5Z5Z
1971, Dezembro, Brand New Key, Melanie, https://open.spotify.com/track/6Z3fsQfKc6c2qzXZ5Z5Z5Z
1972, Janeiro, American Pie, Don McLean, https://open.spotify.com/track/6Z3fsQfKc6c2qzXZ5Z5Z5Z
1972, Fevereiro, Without You, Nilsson, https://open.spotify.com/track/6Z3fsQfKc6c2qzXZ5Z5Z5Z
1972, Março, Heart of Gold, Neil Young, https://open.spotify.com/track/6Z3fsQfKc6c2qzXZ5Z5Z5Z
1972, Abril, The First Time Ever I Saw Your Face, Roberta Flack, https://open.spotify.com/track/6Z3fsQfKc6c2qzXZ5Z5Z5Z
1972, Maio, Oh Girl, The Chi-Lites, https://open.spotify.com/track/6Z3fsQfKc6c2qzXZ5Z5Z5Z
1972, Junho, I'll Take You There, The Staple Singers, https://open.spotify.com/track/6Z3fsQfKc6c2qzXZ5Z5Z5Z
1972, Julho, Lean on Me, Bill Withers, https://open.spotify.com/track/6Z3fsQfKc6c2qzXZ5Z5Z5Z
1972, Agosto, Alone Again (Naturally), Gilbert O'Sullivan, https://open.spotify.com/track/6Z3fsQfKc6c2qzXZ5Z5Z5Z
1972, Setembro, Brandy (You're a Fine Girl), Looking Glass, https://open.spotify.com/track/6Z3fsQfKc6c2qzXZ5Z5Z5Z
1972, Outubro, My Ding-a-Ling, Chuck Berry, https://open.spotify.com/track/6Z3fsQfKc6c2qzXZ5Z5Z5Z
1972, Novembro, I Can See Clearly Now, Johnny Nash, https://open.spotify.com/track/6Z3fsQfKc6c2qzXZ5Z5Z5Z
1972, Dezembro, Papa Was a Rollin' Stone, The Temptations, https://open.spotify.com/track/6Z3fsQfKc6c2qzXZ5Z5Z5Z
1973, Janeiro, You're So Vain, Carly Simon, https://open.spotify.com/track/6Z3fsQfKc6c2qzXZ5Z5Z5Z
1973, Fevereiro, Crocodile Rock, Elton John, https://open.spotify.com/track/6Z3fsQfKc6c2qzXZ5Z5Z5Z
1973, Março, Killing Me Softly with His Song, Roberta Flack, https://open.spotify.com/track/6Z3fsQfKc6c2qzXZ5Z5Z5Z
1973, Abril, Tie a Yellow Ribbon Round the Ole Oak Tree, Tony Orlando & Dawn, https://open.spotify.com/track/6Z3fsQfKc6c2qzXZ5Z5Z5Z
1973, Maio, You Are the Sunshine of My Life, Stevie Wonder, https://open.spotify.com/track/6Z3fsQfKc6c2qzXZ5Z5Z5Z
1973, Junho, My Love, Paul McCartney & Wings, https://open.spotify.com/track/6Z3fsQfKc6c2qzXZ5Z5Z5Z
1973, Julho, Give Me Love (Give Me Peace on Earth), George Harrison, https://open.spotify.com/track/6Z3fsQfKc6c2qzXZ5Z5Z5Z
1973, Agosto, The Morning After, Maureen McGovern, https://open.spotify.com/track/6Z3fsQfKc6c2qzXZ5Z5Z5Z
1973, Setembro, Delta Dawn, Helen Reddy, https://open.spotify.com/track/6Z3fsQfKc6c2qzXZ5Z5Z5Z
1973, Outubro, Let's Get It On, Marvin Gaye, https://open.spotify.com/track/6Z3fsQfKc6c2qzXZ5Z5Z5Z
1973, Novembro, Top of the World, The Carpenters, https://open.spotify.com/track/6Z3fsQfKc6c2qzXZ5Z5Z5Z
1973, Dezembro, Time in a Bottle, Jim Croce, https://open.spotify.com/track/6Z3fsQfKc6c2qzXZ5Z5Z5Z
1974, Janeiro, The Joker, Steve Miller Band, https://open.spotify.com/track/6Z3fsQfKc6c2qzXZ5Z5Z5Z
1974, Fevereiro, Love's Theme, The Love Unlimited Orchestra, https://open.spotify.com/track/6Z3fsQfKc6c2qzXZ5Z5Z5Z
1974, Março, Seasons in the Sun, Terry Jacks, https://open.spotify.com/track/6Z3fsQfKc6c2qzXZ5Z5Z5Z
1974, Abril, The Loco-Motion, Grand Funk Railroad, https://open.spotify.com/track/6Z3fsQfKc6c2qzXZ5Z5Z5Z
1974, Maio, The Streak, Ray Stevens, https://open.spotify.com/track/6Z3fsQfKc6c2qzXZ5Z5Z5Z
1974, Junho, Band on the Run, Paul McCartney & Wings, https://open.spotify.com/track/6Z3fsQfKc6c2qzXZ5Z5Z5Z
1974, Julho, Billy Don't Be a Hero, Bo Donaldson & The Heywoods, https://open.spotify.com/track/6Z3fsQfKc6c2qzXZ5Z5Z5Z
1974, Agosto, Feel Like Makin' Love, Roberta Flack, https://open.spotify.com/track/6Z3fsQfKc6c2qzXZ5Z5Z5Z
1974, Setembro, I Shot the Sheriff, Eric Clapton, https://open.spotify.com/track/6Z3fsQfKc6c2qzXZ5Z5Z5Z
1974, Outubro, You Haven't Done Nothin', Stevie Wonder, https://open.spotify.com/track/6Z3fsQfKc6c2qzXZ5Z5Z5Z
1974, Novembro, Kung Fu Fighting, Carl Douglas, https://open.spotify.com/track/6Z3fsQfKc6c2qzXZ5Z5Z5Z
1974, Dezembro, Cat's in the Cradle, Harry Chapin, https://open.spotify.com/track/6Z3fsQfKc6c2qzXZ5Z5Z5Z
1975, Janeiro, Lucy in the Sky with Diamonds, Elton John, https://open.spotify.com/track/6Z3fsQfKc6c2qzXZ5Z5Z5Z
1975, Fevereiro, Mandy, Barry Manilow, https://open.spotify.com/track/6Z3fsQfKc6c2qzXZ5Z5Z5Z
1975, Março, My Eyes Adored You, Frankie Valli, https://open.spotify.com/track/6Z3fsQfKc6c2qzXZ5Z5Z5Z
1975, Abril, Lovin' You, Minnie Riperton, https://open.spotify.com/track/6Z3fsQfKc6c2qzXZ5Z5Z5Z
1975, Maio, He Don't Love You (Like I Love You), Tony Orlando & Dawn, https://open.spotify.com/track/6Z3fsQfKc6c2qzXZ5Z5Z5Z
1975, Junho, Sister Golden Hair, America, https://open.spotify.com/track/6Z3fsQfKc6c2qzXZ5Z5Z5Z
1975, Julho, Love Will Keep Us Together, Captain & Tennille, https://open.spotify.com/track/6Z3fsQfKc6c2qzXZ5Z5Z5Z
1975, Agosto, Jive Talkin', Bee Gees, https://open.spotify.com/track/6Z3fsQfKc6c2qzXZ5Z5Z5Z
1975, Setembro, Get Down Tonight, KC & The Sunshine Band, https://open.spotify.com/track/6Z3fsQfKc6c2qzXZ5Z5Z5Z
1975, Outubro, Rhinestone Cowboy, Glen Campbell, https://open.spotify.com/track/6Z3fsQfKc6c2qzXZ5Z5Z5Z
1975, Novembro, Island Girl, Elton John, https://open.spotify.com/track/6Z3fsQfKc6c2qzXZ5Z5Z5Z
1975, Dezembro, That's the Way (I Like It), KC & The Sunshine Band, https://open.spotify.com/track/6Z3fsQfKc6c2qzXZ5Z5Z5Z
1976, Janeiro, Saturday Night, Bay City Rollers, https://open.spotify.com/track/6Z3fsQfKc6c2qzXZ5Z5Z5Z
1976, Fevereiro, 50 Ways to Leave Your Lover, Paul Simon, https://open.spotify.com/track/6Z3fsQfKc6c2qzXZ5Z5Z5Z
1976, Março, Love Machine, The Miracles, https://open.spotify.com/track/6Z3fsQfKc6c2qzXZ5Z5Z5Z
1976, Abril, Disco Lady, Johnnie Taylor, https://open.spotify.com/track/6Z3fsQfKc6c2qzXZ5Z5Z5Z
1976, Maio, Silly Love Songs, Wings, https://open.spotify.com/track/6Z3fsQfKc6c2qzXZ5Z5Z5Z
1976, Junho, Love Hangover, Diana Ross, https://open.spotify.com/track/6Z3fsQfKc6c2qzXZ5Z5Z5Z
1976, Julho, Afternoon Delight, Starland Vocal Band, https://open.spotify.com/track/6Z3fsQfKc6c2qzXZ5Z5Z5Z
1976, Agosto, Don't Go Breaking My Heart, Elton John & Kiki Dee, https://open.spotify.com/track/6Z3fsQfKc6c2qzXZ5Z5Z5Z
1976, Setembro, You Should Be Dancing, Bee Gees, https://open.spotify.com/track/6Z3fsQfKc6c2qzXZ5Z5Z5Z
1976, Outubro, Play That Funky Music, Wild Cherry, https://open.spotify.com/track/6Z3fsQfKc6c2qzXZ5Z5Z5Z
1976, Novembro, Tonight's the Night (Gonna Be Alright), Rod Stewart, https://open.spotify.com/track/6Z3fsQfKc6c2qzXZ5Z5Z5Z
1976, Dezembro, You Make Me Feel Like Dancing, Leo Sayer, https://open.spotify.com/track/6Z3fsQfKc6c2qzXZ5Z5Z5Z
1977, Janeiro, Torn Between Two Lovers, Mary MacGregor, https://open.spotify.com/track/6Z3fsQfKc6c2qzXZ5Z5Z5Z
1977, Fevereiro, Blinded by the Light, Manfred Mann's Earth Band, https://open.spotify.com/track/6Z3fsQfKc6c2qzXZ5Z5Z5Z
1977, Março, New Kid in Town, Eagles, https://open.spotify.com/track/6Z3fsQfKc6c2qzXZ5Z5Z5Z
1977, Abril, Rich Girl, Daryl Hall & John Oates, https://open.spotify.com/track/6Z3fsQfKc6c2qzXZ5Z5Z5Z
1977, Maio, Southern Nights, Glen Campbell, https://open.spotify.com/track/6Z3fsQfKc6c2qzXZ5Z5Z5Z
1977, Junho, Dreams, Fleetwood Mac, https://open.spotify.com/track/6Z3fsQfKc6c2qzXZ5Z5Z5Z
1977, Julho, Gonna Fly Now (Theme from 'Rocky'), Bill Conti, https://open.spotify.com/track/6Z3fsQfKc6c2qzXZ5Z5Z5Z
1977, Agosto, I Just Want to Be Your Everything, Andy Gibb, https://open.spotify.com/track/6Z3fsQfKc6c2qzXZ5Z5Z5Z
1977, Setembro, Best of My Love, The Emotions, https://open.spotify.com/track/6Z3fsQfKc6c2qzXZ5Z5Z5Z
1977, Outubro, Star Wars Theme/Cantina Band, Meco, https://open.spotify.com/track/6Z3fsQfKc6c2qzXZ5Z5Z5Z
1977, Novembro, You Light Up My Life, Debby Boone, https://open.spotify.com/track/6Z3fsQfKc6c2qzXZ5Z5Z5Z
1977, Dezembro, How Deep Is Your Love, Bee Gees, https://open.spotify.com/track/6Z3fsQfKc6c2qzXZ5Z5Z5Z
1978, Janeiro, Baby Come Back, Player, https://open.spotify.com/track/6Z3fsQfKc6c2qzXZ5Z5Z5Z
1978, Fevereiro, Stayin' Alive, Bee Gees, https://open.spotify.com/track/6Z3fsQfKc6c2qzXZ5Z5Z5Z
1978, Março, (Love Is) Thicker Than Water, Andy Gibb, https://open.spotify.com/track/6Z3fsQfKc6c2qzXZ5Z5Z5Z
1978, Abril, Night Fever, Bee Gees, https://open.spotify.com/track/6Z3fsQfKc6c2qzXZ5Z5Z5Z
1978, Maio, If I Can't Have You, Yvonne Elliman, https://open.spotify.com/track/6Z3fsQfKc6c2qzXZ5Z5Z5Z
1978, Junho, Shadow Dancing, Andy Gibb, https://open.spotify.com/track/6Z3fsQfKc6c2qzXZ5Z5Z5Z
1978, Julho, Miss You, The Rolling Stones, https://open.spotify.com/track/6Z3fsQfKc6c2qzXZ5Z5Z5Z
1978, Agosto, Three Times a Lady, Commodores, https://open.spotify.com/track/6Z3fsQfKc6c2qzXZ5Z5Z5Z
1978, Setembro, Boogie Oogie Oogie, A Taste of Honey, https://open.spotify.com/track/6Z3fsQfKc6c2qzXZ5Z5Z5Z
1978, Outubro, Kiss You All Over, Exile, https://open.spotify.com/track/6Z3fsQfKc6c2qzXZ5Z5Z5Z
1978, Novembro, You Needed Me, Anne Murray, https://open.spotify.com/track/6Z3fsQfKc6c2qzXZ5Z5Z5Z
1978, Dezembro, Le Freak, Chic, https://open.spotify.com/track/6Z3fsQfKc6c2qzXZ5Z5Z5Z
1979, Janeiro, Too Much Heaven, Bee Gees, https://open.spotify.com/track/6Z3fsQfKc6c2qzXZ5Z5Z5Z
1979, Fevereiro, Da Ya Think I'm Sexy?, Rod Stewart, https://open.spotify.com/track/6Z3fsQfKc6c2qzXZ5Z5Z5Z
1979, Março, Tragedy, Bee Gees, https://open.spotify.com/track/6Z3fsQfKc6c2qzXZ5Z5Z5Z
1979, Abril, I Will Survive, Gloria Gaynor, https://open.spotify.com/track/6Z3fsQfKc6c2qzXZ5Z5Z5Z
1979, Maio, Hot Stuff, Donna Summer, https://open.spotify.com/track/6Z3fsQfKc6c2qzXZ5Z5Z5Z
1979, Junho, Love You Inside Out, Bee Gees, https://open.spotify.com/track/6Z3fsQfKc6c2qzXZ5Z5Z5Z
1979, Julho, Ring My Bell, Anita Ward, https://open.spotify.com/track/6Z3fsQfKc6c2qzXZ5Z5Z5Z
1979, Agosto, Bad Girls, Donna Summer, https://open.spotify.com/track/6Z3fsQfKc6c2qzXZ5Z5Z5Z
1979, Setembro, My Sharona, The Knack, https://open.spotify.com/track/6Z3fsQfKc6c2qzXZ5Z5Z5Z
1979, Outubro, Sad Eyes, Robert John, https://open.spotify.com/track/6Z3fsQfKc6c2qzXZ5Z5Z5Z
1979, Novembro, Rise, Herb Alpert, https://open.spotify.com/track/6Z3fsQfKc6c2qzXZ5Z5Z5Z
1979, Dezembro, Escape (The Piña Colada Song), Rupert Holmes, https://open.spotify.com/track/6Z3fsQfKc6c2qzXZ5Z5Z5Z
1980, Janeiro, Escape (The Piña Colada Song), Rupert Holmes, https://open.spotify.com/track/6Z3fsQfKc6c2qzXZ5Z5Z5Z
1980, Fevereiro, Rock with You, Michael Jackson, https://open.spotify.com/track/6Z3fsQfKc6c2qzXZ5Z5Z5Z
1980, Março, Crazy Little Thing Called Love, Queen, https://open.spotify.com/track/6Z3fsQfKc6c2qzXZ5Z5Z5Z
1980, Abril, Call Me, Blondie, https://open.spotify.com/track/6Z3fsQfKc6c2qzXZ5Z5Z5Z
1980, Maio, Funkytown, Lipps Inc., https://open.spotify.com/track/6Z3fsQfKc6c2qzXZ5Z5Z5Z
1980, Junho, Coming Up, Paul McCartney, https://open.spotify.com/track/6Z3fsQfKc6c2qzXZ5Z5Z5Z
1980, Julho, It's Still Rock and Roll to Me, Billy Joel, https://open.spotify.com/track/6Z3fsQfKc6c2qzXZ5Z5Z5Z
1980, Agosto, Magic, Olivia Newton-John, https://open.spotify.com/track/6Z3fsQfKc6c2qzXZ5Z5Z5Z
1980, Setembro, Upside Down, Diana Ross, https://open.spotify.com/track/6Z3fsQfKc6c2qzXZ5Z5Z5Z
1980, Outubro, Another One Bites the Dust, Queen, https://open.spotify.com/track/6Z3fsQfKc6c2qzXZ5Z5Z5Z
1980, Novembro, Woman in Love, Barbra Streisand, https://open.spotify.com/track/6Z3fsQfKc6c2qzXZ5Z5Z5Z
1980, Dezembro, (Just Like) Starting Over, John Lennon, https://open.spotify.com/track/6Z3fsQfKc6c2qzXZ5Z5Z5Z
1981, Janeiro, The Tide Is High, Blondie, https://open.spotify.com/track/6Z3fsQfKc6c2qzXZ5Z5Z5Z
1981, Fevereiro, Celebration, Kool & The Gang, https://open.spotify.com/track/6Z3fsQfKc6c2qzXZ5Z5Z5Z
1981, Março, 9 to 5, Dolly Parton, https://open.spotify.com/track/6Z3fsQfKc6c2qzXZ5Z5Z5Z
1981, Abril, Kiss on My List, Daryl Hall & John Oates, https://open.spotify.com/track/6Z3fsQfKc6c2qzXZ5Z5Z5Z
1981, Maio, Bette Davis Eyes, Kim Carnes, https://open.spotify.com/track/6Z3fsQfKc6c2qzXZ5Z5Z5Z
1981, Junho, Medley: Intro Venus / Sugar Sugar / No Reply / I'll Be Back / Drive My Car / Do You Want to Know a Secret / We Can Work It Out / I Should Have Known Better / Nowhere Man / You're Going to Lose That Girl / Stars on 45, Stars on 45, https://open.spotify.com/track/6Z3fsQfKc6c2qzXZ5Z5Z5Z
1981, Julho, Jessie's Girl, Rick Springfield, https://open.spotify.com/track/6Z3fsQfKc6c2qzXZ5Z5Z5Z
1981, Agosto, Endless Love, Diana Ross & Lionel Richie, https://open.spotify.com/track/6Z3fsQfKc6c2qzXZ5Z5Z5Z
1981, Setembro, Arthur's Theme (Best That You Can Do), Christopher Cross, https://open.spotify.com/track/6Z3fsQfKc6c2qzXZ5Z5Z5Z
1981, Outubro, Private Eyes, Daryl Hall & John Oates, https://open.spotify.com/track/6Z3fsQfKc6c2qzXZ5Z5Z5Z
1981, Novembro, Physical, Olivia Newton-John, https://open.spotify.com/track/6Z3fsQfKc6c2qzXZ5Z5Z5Z
1981, Dezembro, Physical, Olivia Newton-John, https://open.spotify.com/track/6Z3fsQfKc6c2qzXZ5Z5Z5Z
1982, Janeiro, Physical, Olivia Newton-John, https://open.spotify.com/track/6Z3fsQfKc6c2qzXZ5Z5Z5Z
1982, Fevereiro, Centerfold, The J. Geils Band, https://open.spotify.com/track/6Z3fsQfKc6c2qzXZ5Z5Z5Z
1982, Março, I Love Rock 'n Roll, Joan Jett & The Blackhearts, https://open.spotify.com/track/6Z3fsQfKc6c2qzXZ5Z5Z5Z
1982, Abril, Chariots of Fire - Titles, Vangelis, https://open.spotify.com/track/6Z3fsQfKc6c2qzXZ5Z5Z5Z
1982, Maio, Ebony and Ivory, Paul McCartney & Stevie Wonder, https://open.spotify.com/track/6Z3fsQfKc6c2qzXZ5Z5Z5Z
1982, Junho, Don't You Want Me, The Human League, https://open.spotify.com/track/6Z3fsQfKc6c2qzXZ5Z5Z5Z
1982, Julho, Eye of the Tiger, Survivor, https://open.spotify.com/track/6Z3fsQfKc6c2qzXZ5Z5Z5Z
1982, Agosto, Abracadabra, The Steve Miller Band, https://open.spotify.com/track/6Z3fsQfKc6c2qzXZ5Z5Z5Z
1982, Setembro, Hard to Say I'm Sorry, Chicago, https://open.spotify.com/track/6Z3fsQfKc6c2qzXZ5Z5Z5Z
1982, Outubro, Jack & Diane, John Mellencamp, https://open.spotify.com/track/6Z3fsQfKc6c2qzXZ5Z5Z5Z
1982, Novembro, Up Where We Belong, Joe Cocker & Jennifer Warnes, https://open.spotify.com/track/6Z3fsQfKc6c2qzXZ5Z5Z5Z
1982, Dezembro, Maneater, Daryl Hall & John Oates, https://open.spotify.com/track/6Z3fsQfKc6c2qzXZ5Z5Z5Z
1983, Janeiro, Down Under, Men at Work, https://open.spotify.com/track/6Z3fsQfKc6c2qzXZ5Z5Z5Z
1983, Fevereiro, Baby Come to Me, Patti Austin & James Ingram, https://open.spotify.com/track/6Z3fsQfKc6c2qzXZ5Z5Z5Z
1983, Março, Billie Jean, Michael Jackson, https://open.spotify.com/track/6Z3fsQfKc6c2qzXZ5Z5Z5Z
1983, Abril, Come On Eileen, Dexys Midnight Runners, https://open.spotify.com/track/6Z3fsQfKc6c2qzXZ5Z5Z5Z
1983, Maio, Beat It, Michael Jackson, https://open.spotify.com/track/6Z3fsQfKc6c2qzXZ5Z5Z5Z
1983, Junho, Flashdance... What a Feeling, Irene Cara, https://open.spotify.com/track/6Z3fsQfKc6c2qzXZ5Z5Z5Z
1983, Julho, Every Breath You Take, The Police, https://open.spotify.com/track/6Z3fsQfKc6c2qzXZ5Z5Z5Z
1983, Agosto, Sweet Dreams (Are Made of This), Eurythmics, https://open.spotify.com/track/6Z3fsQfKc6c2qzXZ5Z5Z5Z
1983, Setembro, Maniac, Michael Sembello, https://open.spotify.com/track/6Z3fsQfKc6c2qzXZ5Z5Z5Z
1983, Outubro, Total Eclipse of the Heart, Bonnie Tyler, https://open.spotify.com/track/6Z3fsQfKc6c2qzXZ5Z5Z5Z
1983, Novembro, All Night Long (All Night), Lionel Richie, https://open.spotify.com/track/6Z3fsQfKc6c2qzXZ5Z5Z5Z
1983, Dezembro, Say Say Say, Paul McCartney & Michael Jackson, https://open.spotify.com/track/6Z3fsQfKc6c2qzXZ5Z5Z5Z
1984, Janeiro, Owner of a Lonely Heart, Yes, https://open.spotify.com/track/6Z3fsQfKc6c2qzXZ5Z5Z5Z
1984, Fevereiro, Karma Chameleon, Culture Club, https://open.spotify.com/track/6Z3fsQfKc6c2qzXZ5Z5Z5Z
1984, Março, Jump, Van Halen, https://open.spotify.com/track/6Z3fsQfKc6c2qzXZ5Z5Z5Z
1984, Abril, Footloose, Kenny Loggins, https://open.spotify.com/track/6Z3fsQfKc6c2qzXZ5Z5Z5Z
1984, Maio, Against All Odds (Take a Look at Me Now), Phil Collins, https://open.spotify.com/track/6Z3fsQfKc6c2qzXZ5Z5Z5Z
1984, Junho, Time After Time, Cyndi Lauper, https://open.spotify.com/track/6Z3fsQfKc6c2qzXZ5Z5Z5Z
1984, Julho, The Reflex, Duran Duran, https://open.spotify.com/track/6Z3fsQfKc6c2qzXZ5Z5Z5Z
1984, Agosto, When Doves Cry, Prince, https://open.spotify.com/track/6Z3fsQfKc6c2qzXZ5Z5Z5Z
1984, Setembro, Ghostbusters, Ray Parker Jr., https://open.spotify.com/track/6Z3fsQfKc6c2qzXZ5Z5Z5Z
1984, Outubro, Let's Go Crazy, Prince & The Revolution, https://open.spotify.com/track/6Z3fsQfKc6c2qzXZ5Z5Z5Z
1984, Novembro, Caribbean Queen (No More Love on the Run), Billy Ocean, https://open.spotify.com/track/6Z3fsQfKc6c2qzXZ5Z5Z5Z
1984, Dezembro, Wake Me Up Before You Go-Go, Wham!, https://open.spotify.com/track/6Z3fsQfKc6c2qzXZ5Z5Z5Z
1985, Janeiro, Like a Virgin, Madonna, https://open.spotify.com/track/6Z3fsQfKc6c2qzXZ5Z5Z5Z
1985, Fevereiro, I Want to Know What Love Is, Foreigner, https://open.spotify.com/track/6Z3fsQfKc6c2qzXZ5Z5Z5Z
1985, Março, Careless Whisper, Wham! featuring George Michael, https://open.spotify.com/track/6Z3fsQfKc6c2qzXZ5Z5Z5Z
1985, Abril, We Are the World, USA for Africa, https://open.spotify.com/track/6Z3fsQfKc6c2qzXZ5Z5Z5Z
1985, Maio, Crazy for You, Madonna, https://open.spotify.com/track/6Z3fsQfKc6c2qzXZ5Z5Z5Z
1985, Junho, Everybody Wants to Rule the World, Tears for Fears, https://open.spotify.com/track/6Z3fsQfKc6c2qzXZ5Z5Z5Z
1985, Julho, A View to a Kill, Duran Duran, https://open.spotify.com/track/6Z3fsQfKc6c2qzXZ5Z5Z5Z
1985, Agosto, Shout, Tears for Fears, https://open.spotify.com/track/6Z3fsQfKc6c2qzXZ5Z5Z5Z
1985, Setembro, Money for Nothing, Dire Straits, https://open.spotify.com/track/6Z3fsQfKc6c2qzXZ5Z5Z5Z
1985, Outubro, Take on Me, a-ha, https://open.spotify.com/track/6Z3fsQfKc6c2qzXZ5Z5Z5Z
1985, Novembro, Separate Lives, Phil Collins & Marilyn Martin, https://open.spotify.com/track/6Z3fsQfKc6c2qzXZ5Z5Z5Z
1985, Dezembro, Say You Say Me, Lionel Richie, https://open.spotify.com/track/6Z3fsQfKc6c2qzXZ5Z5Z5Z
1986, Janeiro, That's What Friends Are For, Dionne & Friends, https://open.spotify.com/track/6Z3fsQfKc6c2qzXZ5Z5Z5Z
1986, Fevereiro, How Will I Know, Whitney Houston, https://open.spotify.com/track/6Z3fsQfKc6c2qzXZ5Z5Z5Z
1986, Março, Kiss, Prince & The Revolution, https://open.spotify.com/track/6Z3fsQfKc6c2qzXZ5Z5Z5Z
1986, Abril, Rock Me Amadeus, Falco, https://open.spotify.com/track/6Z3fsQfKc6c2qzXZ5Z5Z5Z
1986, Maio, Greatest Love of All, Whitney Houston, https://open.spotify.com/track/6Z3fsQfKc6c2qzXZ5Z5Z5Z
1986, Junho, On My Own, Patti LaBelle & Michael McDonald, https://open.spotify.com/track/6Z3fsQfKc6c2qzXZ5Z5Z5Z
1986, Julho, There'll Be Sad Songs (To Make You Cry), Billy Ocean, https://open.spotify.com/track/6Z3fsQfKc6c2qzXZ5Z5Z5Z
1986, Agosto, Venus, Bananarama, https://open.spotify.com/track/6Z3fsQfKc6c2qzXZ5Z5Z5Z
1986, Setembro, Take My Breath Away, Berlin, https://open.spotify.com/track/6Z3fsQfKc6c2qzXZ5Z5Z5Z
1986, Outubro, Stuck with You, Huey Lewis & The News, https://open.spotify.com/track/6Z3fsQfKc6c2qzXZ5Z5Z5Z
1986, Novembro, Walk Like an Egyptian, The Bangles, https://open.spotify.com/track/6Z3fsQfKc6c2qzXZ5Z5Z5Z
1986, Dezembro, You Give Love a Bad Name, Bon Jovi, https://open.spotify.com/track/6Z3fsQfKc6c2qzXZ5Z5Z5Z
1987, Janeiro, Shake You Down, Gregory Abbott, https://open.spotify.com/track/6Z3fsQfKc6c2qzXZ5Z5Z5Z
1987, Fevereiro, Livin' on a Prayer, Bon Jovi, https://open.spotify.com/track/6Z3fsQfKc6c2qzXZ5Z5Z5Z
1987, Março, Lean on Me, Club Nouveau, https://open.spotify.com/track/6Z3fsQfKc6c2qzXZ5Z5Z5Z
1987, Abril, Nothing's Gonna Stop Us Now, Starship, https://open.spotify.com/track/6Z3fsQfKc6c2qzXZ5Z5Z5Z
1987, Maio, I Knew You Were Waiting (For Me), Aretha Franklin & George Michael, https://open.spotify.com/track/6Z3fsQfKc6c2qzXZ5Z5Z5Z
1987, Junho, With or Without You, U2, https://open.spotify.com/track/6Z3fsQfKc6c2qzXZ5Z5Z5Z
1987, Julho, Alone, Heart, https://open.spotify.com/track/6Z3fsQfKc6c2qzXZ5Z5Z5Z
1987, Agosto, Who's That Girl, Madonna, https://open.spotify.com/track/6Z3fsQfKc6c2qzXZ5Z5Z5Z
1987, Setembro, La Bamba, Los Lobos, https://open.spotify.com/track/6Z3fsQfKc6c2qzXZ5Z5Z5Z
1987, Outubro, Bad, Michael Jackson, https://open.spotify.com/track/6Z3fsQfKc6c2qzXZ5Z5Z5Z
1987, Novembro, I Think We're Alone Now, Tiffany, https://open.spotify.com/track/6Z3fsQfKc6c2qzXZ5Z5Z5Z
1987, Dezembro, Faith, George Michael, https://open.spotify.com/track/6Z3fsQfKc6c2qzXZ5Z5Z5Z
1988, Janeiro, Got My Mind Set on You, George Harrison, https://open.spotify.com/track/6Z3fsQfKc6c2qzXZ5Z5Z5Z
1988, Fevereiro, Need You Tonight, INXS, https://open.spotify.com/track/6Z3fsQfKc6c2qzXZ5Z5Z5Z
1988, Março, Never Gonna Give You Up, Rick Astley, https://open.spotify.com/track/6Z3fsQfKc6c2qzXZ5Z5Z5Z
1988, Abril, Man in the Mirror, Michael Jackson, https://open.spotify.com/track/6Z3fsQfKc6c2qzXZ5Z5Z5Z
1988, Maio, Anything for You, Gloria Estefan & Miami Sound Machine, https://open.spotify.com/track/6Z3fsQfKc6c2qzXZ5Z5Z5Z
1988, Junho, One More Try, George Michael, https://open.spotify.com/track/6Z3fsQfKc6c2qzXZ5Z5Z5Z
1988, Julho, The Flame, Cheap Trick, https://open.spotify.com/track/6Z3fsQfKc6c2qzXZ5Z5Z5Z
1988, Agosto, Roll with It, Steve Winwood, https://open.spotify.com/track/6Z3fsQfKc6c2qzXZ5Z5Z5Z
1988, Setembro, Sweet Child o' Mine, Guns N' Roses, https://open.spotify.com/track/6Z3fsQfKc6c2qzXZ5Z5Z5Z
1988, Outubro, Don't Worry Be Happy, Bobby McFerrin, https://open.spotify.com/track/6Z3fsQfKc6c2qzXZ5Z5Z5Z
1988, Novembro, Bad Medicine, Bon Jovi, https://open.spotify.com/track/6Z3fsQfKc6c2qzXZ5Z5Z5Z
1988, Dezembro, Every Rose Has Its Thorn, Poison, https://open.spotify.com/track/6Z3fsQfKc6c2qzXZ5Z5Z5Z
1989, Janeiro, My Prerogative, Bobby Brown, https://open.spotify.com/track/6Z3fsQfKc6c2qzXZ5Z5Z5Z
1989, Fevereiro, Straight Up, Paula Abdul, https://open.spotify.com/track/6Z3fsQfKc6c2qzXZ5Z5Z5Z
1989, Março, Lost in Your Eyes, Debbie Gibson, https://open.spotify.com/track/6Z3fsQfKc6c2qzXZ5Z5Z5Z
1989, Abril, The Look, Roxette, https://open.spotify.com/track/6Z3fsQfKc6c2qzXZ5Z5Z5Z
1989, Maio, She Drives Me Crazy, Fine Young Cannibals, https://open.spotify.com/track/6Z3fsQfKc6c2qzXZ5Z5Z5Z
1989, Junho, Rock On, Michael Damian, https://open.spotify.com/track/6Z3fsQfKc6c2qzXZ5Z5Z5Z
1989, Julho, Batdance, Prince, https://open.spotify.com/track/6Z3fsQfKc6c2qzXZ5Z5Z5Z
1989, Agosto, Right Here Waiting, Richard Marx, https://open.spotify.com/track/6Z3fsQfKc6c2qzXZ5Z5Z5Z
1989, Setembro, Cold Hearted, Paula Abdul, https://open.spotify.com/track/6Z3fsQfKc6c2qzXZ5Z5Z5Z
1989, Outubro, Miss You Much, Janet Jackson, https://open.spotify.com/track/6Z3fsQfKc6c2qzXZ5Z5Z5Z
1989, Novembro, Listen to Your Heart, Roxette, https://open.spotify.com/track/6Z3fsQfKc6c2qzXZ5Z5Z5Z
1989, Dezembro, Another Day in Paradise, Phil Collins, https://open.spotify.com/track/6Z3fsQfKc6c2qzXZ5Z5Z5Z
1990, Janeiro, Another Day in Paradise, Phil Collins, https://open.spotify.com/track/6Z3fsQfKc6c2qzXZ5Z5Z5Z
1990, Fevereiro, Opposites Attract, Paula Abdul, https://open.spotify.com/track/6Z3fsQfKc6c2qzXZ5Z5Z5Z
1990, Março, Black Velvet, Alannah Myles, https://open.spotify.com/track/6Z3fsQfKc6c2qzXZ5Z5Z5Z
1990, Abril, Love Will Lead You Back, Taylor Dayne, https://open.spotify.com/track/6Z3fsQfKc6c2qzXZ5Z5Z5Z
1990, Maio, Nothing Compares 2 U, Sinéad O'Connor, https://open.spotify.com/track/6Z3fsQfKc6c2qzXZ5Z5Z5Z
1990, Junho, Vogue, Madonna, https://open.spotify.com/track/6Z3fsQfKc6c2qzXZ5Z5Z5Z
1990, Julho, Step by Step, New Kids on the Block, https://open.spotify.com/track/6Z3fsQfKc6c2qzXZ5Z5Z5Z
1990, Agosto, She Ain't Worth It, Glenn Medeiros featuring Bobby Brown, https://open.spotify.com/track/6Z3fsQfKc6c2qzXZ5Z5Z5Z
1990, Setembro, Blaze of Glory, Jon Bon Jovi, https://open.spotify.com/track/6Z3fsQfKc6c2qzXZ5Z5Z5Z
1990, Outubro, Release Me, Wilson Phillips, https://open.spotify.com/track/6Z3fsQfKc6c2qzXZ5Z5Z5Z
1990, Novembro, I Don't Have the Heart, James Ingram, https://open.spotify.com/track/6Z3fsQfKc6c2qzXZ5Z5Z5Z
1990, Dezembro, Because I Love You (The Postman Song), Stevie B, https://open.spotify.com/track/6Z3fsQfKc6c2qzXZ5Z5Z5Z
1991, Janeiro, Justify My Love, Madonna, https://open.spotify.com/track/6Z3fsQfKc6c2qzXZ5Z5Z5Z
1991, Fevereiro, Gonna Make You Sweat (Everybody Dance Now), C+C Music Factory featuring Freedom Williams, https://open.spotify.com/track/6Z3fsQfKc6c2qzXZ5Z5Z5Z
1991, Março, All the Man That I Need, Whitney Houston, https://open.spotify.com/track/6Z3fsQfKc6c2qzXZ5Z5Z5Z
1991, Abril, One More Try, Timmy T, https://open.spotify.com/track/6Z3fsQfKc6c2qzXZ5Z5Z5Z
1991, Maio, I Don't Wanna Cry, Mariah Carey, https://open.spotify.com/track/6Z3fsQfKc6c2qzXZ5Z5Z5Z
1991, Junho, Rush Rush, Paula Abdul, https://open.spotify.com/track/6Z3fsQfKc6c2qzXZ5Z5Z5Z
1991, Julho, Unbelievable, EMF, https://open.spotify.com/track/6Z3fsQfKc6c2qzXZ5Z5Z5Z
1991, Agosto, (Everything I Do) I Do It for You, Bryan Adams, https://open.spotify.com/track/6Z3fsQfKc6c2qzXZ5Z5Z5Z
1991, Setembro, The Promise of a New Day, Paula Abdul, https://open.spotify.com/track/6Z3fsQfKc6c2qzXZ5Z5Z5Z
1991, Outubro, Good Vibrations, Marky Mark and the Funky Bunch featuring Loleatta Holloway, https://open.spotify.com/track/6Z3fsQfKc6c2qzXZ5Z5Z5Z
1991, Novembro, Emotions, Mariah Carey, https://open.spotify.com/track/6Z3fsQfKc6c2qzXZ5Z5Z5Z
1991, Dezembro, Black or White, Michael Jackson, https://open.spotify.com/track/6Z3fsQfKc6c2qzXZ5Z5Z5Z
1992, Janeiro, All 4 Love, Color Me Badd, https://open.spotify.com/track/6Z3fsQfKc6c2qzXZ5Z5Z5Z
1992, Fevereiro, Don't Let the Sun Go Down on Me, George Michael & Elton John, https://open.spotify.com/track/6Z3fsQfKc6c2qzXZ5Z5Z5Z
1992, Março, Tears in Heaven, Eric Clapton, https://open.spotify.com/track/6Z3fsQfKc6c2qzXZ5Z5Z5Z
1992, Abril, Save the Best for Last, Vanessa Williams, https://open.spotify.com/track/6Z3fsQfKc6c2qzXZ5Z5Z5Z
1992, Maio, Jump, Kris Kross, https://open.spotify.com/track/6Z3fsQfKc6c2qzXZ5Z5Z5Z
1992, Junho, I'll Be There, Mariah Carey, https://open.spotify.com/track/6Z3fsQfKc6c2qzXZ5Z5Z5Z
1992, Julho, Baby Got Back, Sir Mix-a-Lot, https://open.spotify.com/track/6Z3fsQfKc6c2qzXZ5Z5Z5Z
1992, Agosto, End of the Road, Boyz II Men, https://open.spotify.com/track/6Z3fsQfKc6c2qzXZ5Z5Z5Z
1992, Setembro, Sometimes Love Just Ain't Enough, Patty Smyth featuring Don Henley, https://open.spotify.com/track/6Z3fsQfKc6c2qzXZ5Z5Z5Z
1992, Outubro, Jump Around, House of Pain, https://open.spotify.com/track/6Z3fsQfKc6c2qzXZ5Z5Z5Z
1992, Novembro, How Do You Talk to an Angel, The Heights, https://open.spotify.com/track/6Z3fsQfKc6c2qzXZ5Z5Z5Z
1992, Dezembro, I Will Always Love You, Whitney Houston, https://open.spotify.com/track/6Z3fsQfKc6c2qzXZ5Z5Z5Z
1993, Janeiro, I Will Always Love You, Whitney Houston, https://open.spotify.com/track/6Z3fsQfKc6c2qzXZ5Z5Z5Z
1993, Fevereiro, A Whole New World, Peabo Bryson & Regina Belle, https://open.spotify.com/track/6Z3fsQfKc6c2qzXZ5Z5Z5Z
1993, Março, Informer, Snow, https://open.spotify.com/track/6Z3fsQfKc6c2qzXZ5Z5Z5Z
1993, Abril, Freak Me, Silk, https://open.spotify.com/track/6Z3fsQfKc6c2qzXZ5Z5Z5Z
1993, Maio, That's the Way Love Goes, Janet Jackson, https://open.spotify.com/track/6Z3fsQfKc6c2qzXZ5Z5Z5Z
1993, Junho, Weak, SWV, https://open.spotify.com/track/6Z3fsQfKc6c2qzXZ5Z5Z5Z
1993, Julho, Can't Help Falling in Love, UB40, https://open.spotify.com/track/6Z3fsQfKc6c2qzXZ5Z5Z5Z
1993, Agosto, Dreamlover, Mariah Carey, https://open.spotify.com/track/6Z3fsQfKc6c2qzXZ5Z5Z5Z
1993, Setembro, Right Here (Human Nature) / Downtempo, SWV, https://open.spotify.com/track/6Z3fsQfKc6c2qzXZ5Z5Z5Z
1993, Outubro, I'd Do Anything for Love (But I Won't Do That), Meat Loaf, https://open.spotify.com/track/6Z3fsQfKc6c2qzXZ5Z5Z5Z
1993, Novembro, Again, Janet Jackson, https://open.spotify.com/track/6Z3fsQfKc6c2qzXZ5Z5Z5Z
1993, Dezembro, Hero, Mariah Carey, https://open.spotify.com/track/6Z3fsQfKc6c2qzXZ5Z5Z5Z
1994, Janeiro, Hero, Mariah Carey, https://open.spotify.com/track/6Z3fsQfKc6c2qzXZ5Z5Z5Z
1994, Fevereiro, All for Love, Bryan Adams;  Rod Stewart & Sting, https://open.spotify.com/track/6Z3fsQfKc6c2qzXZ5Z5Z5Z
1994, Março, The Power of Love, Céline Dion, https://open.spotify.com/track/6Z3fsQfKc6c2qzXZ5Z5Z5Z
1994, Abril, The Sign, Ace of Base, https://open.spotify.com/track/6Z3fsQfKc6c2qzXZ5Z5Z5Z
1994, Maio, I Swear, All-4-One, https://open.spotify.com/track/6Z3fsQfKc6c2qzXZ5Z5Z5Z
1994, Junho, I'll Make Love to You, Boyz II Men, https://open.spotify.com/track/6Z3fsQfKc6c2qzXZ5Z5Z5Z
1994, Julho, Stay (I Missed You), Lisa Loeb & Nine Stories, https://open.spotify.com/track/6Z3fsQfKc6c2qzXZ5Z5Z5Z
1994, Agosto, I'll Be There, Mariah Carey, https://open.spotify.com/track/6Z3fsQfKc6c2qzXZ5Z5Z5Z
1994, Setembro, I'll Be There, Mariah Carey, https://open.spotify.com/track/6Z3fsQfKc6c2qzXZ5Z5Z5Z
1994, Outubro, On Bended Knee, Boyz II Men, https://open.spotify.com/track/6Z3fsQfKc6c2qzXZ5Z5Z5Z
1994, Novembro, Here Comes the Hotstepper, Ini Kamoze, https://open.spotify.com/track/6Z3fsQfKc6c2qzXZ5Z5Z5Z
1994, Dezembro, On Bended Knee, Boyz II Men, https://open.spotify.com/track/6Z3fsQfKc6c2qzXZ5Z5Z5Z
1995, Janeiro, Creep, TLC, https://open.spotify.com/track/6Z3fsQfKc6c2qzXZ5Z5Z5Z
1995, Fevereiro, Take a Bow, Madonna, https://open.spotify.com/track/6Z3fsQfKc6c2qzXZ5Z5Z5Z
1995, Março, This Is How We Do It, Montell Jordan, https://open.spotify.com/track/6Z3fsQfKc6c2qzXZ5Z5Z5Z
1995, Abril, Have You Ever Really Loved a Woman?, Bryan Adams, https://open.spotify.com/track/6Z3fsQfKc6c2qzXZ5Z5Z5Z
1995, Maio, Waterfalls, TLC, https://open.spotify.com/track/6Z3fsQfKc6c2qzXZ5Z5Z5Z
1995, Junho, You Are Not Alone, Michael Jackson, https://open.spotify.com/track/6Z3fsQfKc6c2qzXZ5Z5Z5Z
1995, Julho, Kiss from a Rose, Seal, https://open.spotify.com/track/6Z3fsQfKc6c2qzXZ5Z5Z5Z
1995, Agosto, Gangsta's Paradise, Coolio featuring L.V., https://open.spotify.com/track/6Z3fsQfKc6c2qzXZ5Z5Z5Z
1995, Setembro, Fantasy, Mariah Carey, https://open.spotify.com/track/6Z3fsQfKc6c2qzXZ5Z5Z5Z
1995, Outubro, Exhale (Shoop Shoop), Whitney Houston, https://open.spotify.com/track/6Z3fsQfKc6c2qzXZ5Z5Z5Z
1995, Novembro, One Sweet Day, Mariah Carey & Boyz II Men, https://open.spotify.com/track/6Z3fsQfKc6c2qzXZ5Z5Z5Z
1995, Dezembro, One Sweet Day, Mariah Carey & Boyz II Men, https://open.spotify.com/track/6Z3fsQfKc6c2qzXZ5Z5Z5Z
1996, Janeiro, One Sweet Day, Mariah Carey & Boyz II Men, https://open.spotify.com/track/6Z3fsQfKc6c2qzXZ5Z5Z5Z
1996, Fevereiro, Because You Loved Me, Céline Dion, https://open.spotify.com/track/6Z3fsQfKc6c2qzXZ5Z5Z5Z
1996, Março, Always Be My Baby, Mariah Carey, https://open.spotify.com/track/6Z3fsQfKc6c2qzXZ5Z5Z5Z
1996, Abril, Tha Crossroads, Bone Thugs-N-Harmony, https://open.spotify.com/track/6Z3fsQfKc6c2qzXZ5Z5Z5Z
1996, Maio, Tha Crossroads, Bone Thugs-N-Harmony, https://open.spotify.com/track/6Z3fsQfKc6c2qzXZ5Z5Z5Z
1996, Junho, How Do U Want It, 2Pac featuring K-Ci & JoJo, https://open.spotify.com/track/6Z3fsQfKc6c2qzXZ5Z5Z5Z
1996, Julho, Macarena (Bayside Boys Mix), Los Del Río, https://open.spotify.com/track/6Z3fsQfKc6c2qzXZ5Z5Z5Z
1996, Agosto, Macarena (Bayside Boys Mix), Los Del Río, https://open.spotify.com/track/6Z3fsQfKc6c2qzXZ5Z5Z5Z
1996, Setembro, Macarena (Bayside Boys Mix), Los Del Río, https://open.spotify.com/track/6Z3fsQfKc6c2qzXZ5Z5Z5Z
1996, Outubro, Macarena (Bayside Boys Mix), Los Del Río, https://open.spotify.com/track/6Z3fsQfKc6c2qzXZ5Z5Z5Z
1996, Novembro, Un-Break My Heart, Toni Braxton, https://open.spotify.com/track/6Z3fsQfKc6c2qzXZ5Z5Z5Z
1996, Dezembro, Un-Break My Heart, Toni Braxton, https://open.spotify.com/track/6Z3fsQfKc6c2qzXZ5Z5Z5Z
1997, Janeiro, Un-Break My Heart, Toni Braxton, https://open.spotify.com/track/6Z3fsQfKc6c2qzXZ5Z5Z5Z
1997, Fevereiro, Wannabe, Spice Girls, https://open.spotify.com/track/6Z3fsQfKc6c2qzXZ5Z5Z5Z
1997, Março, Can't Nobody Hold Me Down, Puff Daddy featuring Mase, https://open.spotify.com/track/6Z3fsQfKc6c2qzXZ5Z5Z5Z
1997, Abril, Hypnotize, The Notorious B.I.G., https://open.spotify.com/track/6Z3fsQfKc6c2qzXZ5Z5Z5Z
1997, Maio, MMMBop, Hanson, https://open.spotify.com/track/6Z3fsQfKc6c2qzXZ5Z5Z5Z
1997, Junho, I'll Be Missing You, Puff Daddy & Faith Evans featuring 112, https://open.spotify.com/track/6Z3fsQfKc6c2qzXZ5Z5Z5Z
1997, Julho, Mo Money Mo Problems, The Notorious B.I.G. featuring Puff Daddy & Mase, https://open.spotify.com/track/6Z3fsQfKc6c2qzXZ5Z5Z5Z
1997, Agosto, Honey, Mariah Carey, https://open.spotify.com/track/6Z3fsQfKc6c2qzXZ5Z5Z5Z
1997, Setembro, Candle in the Wind 1997, Elton John, https://open.spotify.com/track/6Z3fsQfKc6c2qzXZ5Z5Z5Z
1997, Outubro, Candle in the Wind 1997, Elton John, https://open.spotify.com/track/6Z3fsQfKc6c2qzXZ5Z5Z5Z
1997, Novembro, Candle in the Wind 1997, Elton John, https://open.spotify.com/track/6Z3fsQfKc6c2qzXZ5Z5Z5Z
1997, Dezembro, Candle in the Wind 1997, Elton John, https://open.spotify.com/track/6Z3fsQfKc6c2qzXZ5Z5Z5Z
1998, Janeiro, Candle in the Wind 1997, Elton John, https://open.spotify.com/track/6Z3fsQfKc6c2qzXZ5Z5Z5Z
1998, Fevereiro, Together Again, Janet Jackson, https://open.spotify.com/track/6Z3fsQfKc6c2qzXZ5Z5Z5Z
1998, Março, My Heart Will Go On, Céline Dion, https://open.spotify.com/track/6Z3fsQfKc6c2qzXZ5Z5Z5Z
1998, Abril, Too Close, Next, https://open.spotify.com/track/6Z3fsQfKc6c2qzXZ5Z5Z5Z
1998, Maio, Too Close, Next, https://open.spotify.com/track/6Z3fsQfKc6c2qzXZ5Z5Z5Z
1998, Junho, The Boy Is Mine, Brandy & Monica, https://open.spotify.com/track/6Z3fsQfKc6c2qzXZ5Z5Z5Z
1998, Julho, The Boy Is Mine, Brandy & Monica, https://open.spotify.com/track/6Z3fsQfKc6c2qzXZ5Z5Z5Z
1998, Agosto, The Boy Is Mine, Brandy & Monica, https://open.spotify.com/track/6Z3fsQfKc6c2qzXZ5Z5Z5Z
1998, Setembro, I Don't Want to Miss a Thing, Aerosmith, https://open.spotify.com/track/6Z3fsQfKc6c2qzXZ5Z5Z5Z
1998, Outubro, I Don't Want to Miss a Thing, Aerosmith, https://open.spotify.com/track/6Z3fsQfKc6c2qzXZ5Z5Z5Z
1998, Novembro, I Don't Want to Miss a Thing, Aerosmith, https://open.spotify.com/track/6Z3fsQfKc6c2qzXZ5Z5Z5Z
1998, Dezembro, I Don't Want to Miss a Thing, Aerosmith, https://open.spotify.com/track/6Z3fsQfKc6c2qzXZ5Z5Z5Z
1999, Janeiro, I Don't Want to Miss a Thing, Aerosmith, https://open.spotify.com/track/6Z3fsQfKc6c2qzXZ5Z5Z5Z
1999, Fevereiro, ...Baby One More Time, Britney Spears, https://open.spotify.com/track/6Z3fsQfKc6c2qzXZ5Z5Z5Z
1999, Março, ...Baby One More Time, Britney Spears, https://open.spotify.com/track/6Z3fsQfKc6c2qzXZ5Z5Z5Z
1999, Abril, No Scrubs, TLC, https://open.spotify.com/track/6Z3fsQfKc6c2qzXZ5Z5Z5Z
1999, Maio, Livin' la Vida Loca, Ricky Martin, https://open.spotify.com/track/6Z3fsQfKc6c2qzXZ5Z5Z5Z
1999, Junho, Livin' la Vida Loca, Ricky Martin, https://open.spotify.com/track/6Z3fsQfKc6c2qzXZ5Z5Z5Z
1999, Julho, If You Had My Love, Jennifer Lopez, https://open.spotify.com/track/6Z3fsQfKc6c2qzXZ5Z5Z5Z
1999, Agosto, Genie in a Bottle, Christina Aguilera, https://open.spotify.com/track/6Z3fsQfKc6c2qzXZ5Z5Z5Z
1999, Setembro, Genie in a Bottle, Christina Aguilera, https://open.spotify.com/track/6Z3fsQfKc6c2qzXZ5Z5Z5Z
1999, Outubro, Smooth, Santana featuring Rob Thomas, https://open.spotify.com/track/6Z3fsQfKc6c2qzXZ5Z5Z5Z
1999, Novembro, Smooth, Santana featuring Rob Thomas, https://open.spotify.com/track/6Z3fsQfKc6c2qzXZ5Z5Z5Z
1999, Dezembro, Smooth, Santana featuring Rob Thomas, https://open.spotify.com/track/6Z3fsQfKc6c2qzXZ5Z5Z5Z
2000, Janeiro, Smooth, Santana featuring Rob Thomas, https://open.spotify.com/track/6Z3fsQfKc6c2qzXZ5Z5Z5Z
2000, Fevereiro, Thank God I Found You, Mariah Carey featuring Joe & 98 Degrees, https://open.spotify.com/track/6Z3fsQfKc6c2qzXZ5Z5Z5Z
2000, Março, Amazed, Lonestar, https://open.spotify.com/track/6Z3fsQfKc6c2qzXZ5Z5Z5Z
2000, Abril, Say My Name, Destiny's Child, https://open.spotify.com/track/6Z3fsQfKc6c2qzXZ5Z5Z5Z
2000, Maio, Maria Maria, Santana featuring The Product G&B, https://open.spotify.com/track/6Z3fsQfKc6c2qzXZ5Z5Z5Z
2000, Junho, Try Again, Aaliyah, https://open.spotify.com/track/6Z3fsQfKc6c2qzXZ5Z5Z5Z
2000, Julho, Be with You, Enrique Iglesias, https://open.spotify.com/track/6Z3fsQfKc6c2qzXZ5Z5Z5Z
2000, Agosto, It's Gonna Be Me, *NSYNC, https://open.spotify.com/track/6Z3fsQfKc6c2qzXZ5Z5Z5Z
2000, Setembro, Music, Madonna, https://open.spotify.com/track/6Z3fsQfKc6c2qzXZ5Z5Z5Z
2000, Outubro, Come On Over Baby (All I Want Is You), Christina Aguilera, https://open.spotify.com/track/6Z3fsQfKc6c2qzXZ5Z5Z5Z
2000, Novembro, Independent Women Part I, Destiny's Child, https://open.spotify.com/track/6Z3fsQfKc6c2qzXZ5Z5Z5Z
2000, Dezembro, Independent Women Part I, Destiny's Child, https://open.spotify.com/track/6Z3fsQfKc6c2qzXZ5Z5Z5Z
2001, Janeiro, Independent Women Part I, Destiny's Child, https://open.spotify.com/track/6Z3fsQfKc6c2qzXZ5Z5Z5Z
2001, Fevereiro, It Wasn't Me, Shaggy featuring Rikrok, https://open.spotify.com/track/6Z3fsQfKc6c2qzXZ5Z5Z5Z
2001, Março, Stutter, Joe featuring Mystikal, https://open.spotify.com/track/6Z3fsQfKc6c2qzXZ5Z5Z5Z
2001, Abril, Butterfly, Crazy Town, https://open.spotify.com/track/6Z3fsQfKc6c2qzXZ5Z5Z5Z
2001, Maio, All for You, Janet Jackson, https://open.spotify.com/track/6Z3fsQfKc6c2qzXZ5Z5Z5Z
"2001, Junho, Lady Marmalade, Christina Aguilera;  Lil' Kim; Mýa & Pink, https://open.spotify.com/track/6Z3fsQfKc6c2qzXZ5Z5Z5Z"
2001, Julho, U Remind Me, Usher, https://open.spotify.com/track/6Z3fsQfKc6c2qzXZ5Z5Z5Z
2001, Agosto, Bootylicious, Destiny's Child, https://open.spotify.com/track/6Z3fsQfKc6c2qzXZ5Z5Z5Z
2001, Setembro, Fallin', Alicia Keys, https://open.spotify.com/track/6Z3fsQfKc6c2qzXZ5Z5Z5Z
2001, Outubro, I'm Real, Jennifer Lopez featuring Ja Rule, https://open.spotify.com/track/6Z3fsQfKc6c2qzXZ5Z5Z5Z
2001, Novembro, Family Affair, Mary J. Blige, https://open.spotify.com/track/6Z3fsQfKc6c2qzXZ5Z5Z5Z
2001, Dezembro, How You Remind Me, Nickelback, https://open.spotify.com/track/6Z3fsQfKc6c2qzXZ5Z5Z5Z
2002, Janeiro, How You Remind Me, Nickelback, https://open.spotify.com/track/6Z3fsQfKc6c2qzXZ5Z5Z5Z
2002, Fevereiro, Always on Time, Ja Rule featuring Ashanti, https://open.spotify.com/track/6Z3fsQfKc6c2qzXZ5Z5Z5Z
2002, Março, Ain't It Funny, Jennifer Lopez featuring Ja Rule, https://open.spotify.com/track/6Z3fsQfKc6c2qzXZ5Z5Z5Z
2002, Abril, Foolish, Ashanti, https://open.spotify.com/track/6Z3fsQfKc6c2qzXZ5Z5Z5Z
2002, Maio, Foolish, Ashanti, https://open.spotify.com/track/6Z3fsQfKc6c2qzXZ5Z5Z5Z
2002, Junho, Hot in Herre, Nelly, https://open.spotify.com/track/6Z3fsQfKc6c2qzXZ5Z5Z5Z
2002, Julho, Dilemma, Nelly featuring Kelly Rowland, https://open.spotify.com/track/6Z3fsQfKc6c2qzXZ5Z5Z5Z
2002, Agosto, Dilemma, Nelly featuring Kelly Rowland, https://open.spotify.com/track/6Z3fsQfKc6c2qzXZ5Z5Z5Z
2002, Setembro, A Moment Like This, Kelly Clarkson, https://open.spotify.com/track/6Z3fsQfKc6c2qzXZ5Z5Z5Z
2002, Outubro, Lose Yourself, Eminem, https://open.spotify.com/track/6Z3fsQfKc6c2qzXZ5Z5Z5Z
2002, Novembro, Lose Yourself, Eminem, https://open.spotify.com/track/6Z3fsQfKc6c2qzXZ5Z5Z5Z
2002, Dezembro, Lose Yourself, Eminem, https://open.spotify.com/track/6Z3fsQfKc6c2qzXZ5Z5Z5Z
2003, Janeiro, Lose Yourself, Eminem, https://open.spotify.com/track/6Z3fsQfKc6c2qzXZ5Z5Z5Z
2003, Fevereiro, Bump Bump Bump, B2K featuring P. Diddy, https://open.spotify.com/track/6Z3fsQfKc6c2qzXZ5Z5Z5Z
2003, Março, In da Club, 50 Cent, https://open.spotify.com/track/6Z3fsQfKc6c2qzXZ5Z5Z5Z
2003, Abril, Get Busy, Sean Paul, https://open.spotify.com/track/6Z3fsQfKc6c2qzXZ5Z5Z5Z
2003, Maio, Get Busy, Sean Paul, https://open.spotify.com/track/6Z3fsQfKc6c2qzXZ5Z5Z5Z
2003, Junho, 21 Questions, 50 Cent featuring Nate Dogg, https://open.spotify.com/track/6Z3fsQfKc6c2qzXZ5Z5Z5Z
2003, Julho, Crazy in Love, Beyoncé featuring Jay-Z, https://open.spotify.com/track/6Z3fsQfKc6c2qzXZ5Z5Z5Z
2003, Agosto, Crazy in Love, Beyoncé featuring Jay-Z, https://open.spotify.com/track/6Z3fsQfKc6c2qzXZ5Z5Z5Z
"2003, Setembro, Shake Ya Tailfeather, Nelly; P. Diddy & Murphy Lee, https://open.spotify.com/track/6Z3fsQfKc6c2qzXZ5Z5Z5Z"
2003, Outubro, Baby Boy, Beyoncé featuring Sean Paul, https://open.spotify.com/track/6Z3fsQfKc6c2qzXZ5Z5Z5Z
2003, Novembro, Baby Boy, Beyoncé featuring Sean Paul, https://open.spotify.com/track/6Z3fsQfKc6c2qzXZ5Z5Z5Z
2003, Dezembro, Hey Ya!, OutKast, https://open.spotify.com/track/6Z3fsQfKc6c2qzXZ5Z5Z5Z
2004, Janeiro, Hey Ya!, OutKast, https://open.spotify.com/track/6Z3fsQfKc6c2qzXZ5Z5Z5Z
2004, Fevereiro, The Way You Move, OutKast featuring Sleepy Brown, https://open.spotify.com/track/6Z3fsQfKc6c2qzXZ5Z5Z5Z
2004, Março, Slow Jamz, Twista featuring Kanye West & Jamie Foxx, https://open.spotify.com/track/6Z3fsQfKc6c2qzXZ5Z5Z5Z
2004, Abril, Yeah!, Usher featuring Lil Jon & Ludacris, https://open.spotify.com/track/6Z3fsQfKc6c2qzXZ5Z5Z5Z
2004, Maio, Burn, Usher, https://open.spotify.com/track/6Z3fsQfKc6c2qzXZ5Z5Z5Z
2004, Junho, Burn, Usher, https://open.spotify.com/track/6Z3fsQfKc6c2qzXZ5Z5Z5Z
2004, Julho, Confessions Part II, Usher, https://open.spotify.com/track/6Z3fsQfKc6c2qzXZ5Z5Z5Z
2004, Agosto, Confessions Part II, Usher, https://open.spotify.com/track/6Z3fsQfKc6c2qzXZ5Z5Z5Z
2004, Setembro, Goodies, Ciara featuring Petey Pablo, https://open.spotify.com/track/6Z3fsQfKc6c2qzXZ5Z5Z5Z
2004, Outubro, Goodies, Ciara featuring Petey Pablo, https://open.spotify.com/track/6Z3fsQfKc6c2qzXZ5Z5Z5Z
2004, Novembro, My Boo, Usher & Alicia Keys, https://open.spotify.com/track/6Z3fsQfKc6c2qzXZ5Z5Z5Z
2004, Dezembro, Drop It Like It's Hot, Snoop Dogg featuring Pharrell, https://open.spotify.com/track/6Z3fsQfKc6c2qzXZ5Z5Z5Z
2005, Janeiro, Drop It Like It's Hot, Snoop Dogg featuring Pharrell, https://open.spotify.com/track/6Z3fsQfKc6c2qzXZ5Z5Z5Z
2005, Fevereiro, Candy Shop, 50 Cent featuring Olivia, https://open.spotify.com/track/6Z3fsQfKc6c2qzXZ5Z5Z5Z
2005, Março, Candy Shop, 50 Cent featuring Olivia, https://open.spotify.com/track/6Z3fsQfKc6c2qzXZ5Z5Z5Z
2005, Abril, Hollaback Girl, Gwen Stefani, https://open.spotify.com/track/6Z3fsQfKc6c2qzXZ5Z5Z5Z
2005, Maio, Hollaback Girl, Gwen Stefani, https://open.spotify.com/track/6Z3fsQfKc6c2qzXZ5Z5Z5Z
2005, Junho, We Belong Together, Mariah Carey, https://open.spotify.com/track/6Z3fsQfKc6c2qzXZ5Z5Z5Z
2005, Julho, We Belong Together, Mariah Carey, https://open.spotify.com/track/6Z3fsQfKc6c2qzXZ5Z5Z5Z
2005, Agosto, We Belong Together, Mariah Carey, https://open.spotify.com/track/6Z3fsQfKc6c2qzXZ5Z5Z5Z
2005, Setembro, We Belong Together, Mariah Carey, https://open.spotify.com/track/6Z3fsQfKc6c2qzXZ5Z5Z5Z
2005, Outubro, Gold Digger, Kanye West featuring Jamie Foxx, https://open.spotify.com/track/6Z3fsQfKc6c2qzXZ5Z5Z5Z
2005, Novembro, Gold Digger, Kanye West featuring Jamie Foxx, https://open.spotify.com/track/6Z3fsQfKc6c2qzXZ5Z5Z5Z
2005, Dezembro, Run It!, Chris Brown, https://open.spotify.com/track/6Z3fsQfKc6c2qzXZ5Z5Z5Z
2006, Janeiro, Run It!, Chris Brown, https://open.spotify.com/track/6Z3fsQfKc6c2qzXZ5Z5Z5Z
2006, Fevereiro, Check on It, Beyoncé featuring Slim Thug, https://open.spotify.com/track/6Z3fsQfKc6c2qzXZ5Z5Z5Z
2006, Março, Check on It, Beyoncé featuring Slim Thug, https://open.spotify.com/track/6Z3fsQfKc6c2qzXZ5Z5Z5Z
2006, Abril, Bad Day, Daniel Powter, https://open.spotify.com/track/6Z3fsQfKc6c2qzXZ5Z5Z5Z
2006, Maio, SOS, Rihanna, https://open.spotify.com/track/6Z3fsQfKc6c2qzXZ5Z5Z5Z
2006, Junho, Hips Don't Lie, Shakira featuring Wyclef Jean, https://open.spotify.com/track/6Z3fsQfKc6c2qzXZ5Z5Z5Z
2006, Julho, Hips Don't Lie, Shakira featuring Wyclef Jean, https://open.spotify.com/track/6Z3fsQfKc6c2qzXZ5Z5Z5Z
2006, Agosto, Promiscuous, Nelly Furtado featuring Timbaland, https://open.spotify.com/track/6Z3fsQfKc6c2qzXZ5Z5Z5Z
2006, Setembro, SexyBack, Justin Timberlake, https://open.spotify.com/track/6Z3fsQfKc6c2qzXZ5Z5Z5Z
2006, Outubro, SexyBack, Justin Timberlake, https://open.spotify.com/track/6Z3fsQfKc6c2qzXZ5Z5Z5Z
2006, Novembro, My Love, Justin Timberlake featuring T.I., https://open.spotify.com/track/6Z3fsQfKc6c2qzXZ5Z5Z5Z
2006, Dezembro, Irreplaceable, Beyoncé, https://open.spotify.com/track/6Z3fsQfKc6c2qzXZ5Z5Z5Z
2007, Janeiro, Irreplaceable, Beyoncé, https://open.spotify.com/track/6Z3fsQfKc6c2qzXZ5Z5Z5Z
2007, Fevereiro, Irreplaceable, Beyoncé, https://open.spotify.com/track/6Z3fsQfKc6c2qzXZ5Z5Z5Z
2007, Março, What Goes Around... Comes Around, Justin Timberlake, https://open.spotify.com/track/6Z3fsQfKc6c2qzXZ5Z5Z5Z
2007, Abril, Give It to Me, Timbaland featuring Nelly Furtado & Justin Timberlake, https://open.spotify.com/track/6Z3fsQfKc6c2qzXZ5Z5Z5Z
2007, Maio, Buy U a Drank (Shawty Snappin'), T-Pain featuring Yung Joc, https://open.spotify.com/track/6Z3fsQfKc6c2qzXZ5Z5Z5Z
2007, Junho, Umbrella, Rihanna featuring Jay-Z, https://open.spotify.com/track/6Z3fsQfKc6c2qzXZ5Z5Z5Z
2007, Julho, Umbrella, Rihanna featuring Jay-Z, https://open.spotify.com/track/6Z3fsQfKc6c2qzXZ5Z5Z5Z
2007, Agosto, Beautiful Girls, Sean Kingston, https://open.spotify.com/track/6Z3fsQfKc6c2qzXZ5Z5Z5Z
2007, Setembro, Crank That (Soulja Boy), Soulja Boy Tell 'Em, https://open.spotify.com/track/6Z3fsQfKc6c2qzXZ5Z5Z5Z
2007, Outubro, Crank That (Soulja Boy), Soulja Boy Tell 'Em, https://open.spotify.com/track/6Z3fsQfKc6c2qzXZ5Z5Z5Z
2007, Novembro, Kiss Kiss, Chris Brown featuring T-Pain, https://open.spotify.com/track/6Z3fsQfKc6c2qzXZ5Z5Z5Z
2007, Dezembro, Low, Flo Rida featuring T-Pain, https://open.spotify.com/track/6Z3fsQfKc6c2qzXZ5Z5Z5Z
2008, Janeiro, Low, Flo Rida featuring T-Pain, https://open.spotify.com/track/6Z3fsQfKc6c2qzXZ5Z5Z5Z
2008, Fevereiro, Low, Flo Rida featuring T-Pain, https://open.spotify.com/track/6Z3fsQfKc6c2qzXZ5Z5Z5Z
2008, Março, Love in This Club, Usher featuring Young Jeezy, https://open.spotify.com/track/6Z3fsQfKc6c2qzXZ5Z5Z5Z
2008, Abril, Bleeding Love, Leona Lewis, https://open.spotify.com/track/6Z3fsQfKc6c2qzXZ5Z5Z5Z
2008, Maio, Lollipop, Lil Wayne featuring Static Major, https://open.spotify.com/track/6Z3fsQfKc6c2qzXZ5Z5Z5Z
2008, Junho, Take a Bow, Rihanna, https://open.spotify.com/track/6Z3fsQfKc6c2qzXZ5Z5Z5Z
2008, Julho, I Kissed a Girl, Katy Perry, https://open.spotify.com/track/6Z3fsQfKc6c2qzXZ5Z5Z5Z
2008, Agosto, Disturbia, Rihanna, https://open.spotify.com/track/6Z3fsQfKc6c2qzXZ5Z5Z5Z
2008, Setembro, Whatever You Like, T.I., https://open.spotify.com/track/6Z3fsQfKc6c2qzXZ5Z5Z5Z
2008, Outubro, Live Your Life, T.I. featuring Rihanna, https://open.spotify.com/track/6Z3fsQfKc6c2qzXZ5Z5Z5Z
2008, Novembro, Live Your Life, T.I. featuring Rihanna, https://open.spotify.com/track/6Z3fsQfKc6c2qzXZ5Z5Z5Z
2008, Dezembro, Single Ladies (Put a Ring on It), Beyoncé, https://open.spotify.com/track/6Z3fsQfKc6c2qzXZ5Z5Z5Z
2009, Janeiro, Single Ladies (Put a Ring on It), Beyoncé, https://open.spotify.com/track/6Z3fsQfKc6c2qzXZ5Z5Z5Z
2009, Fevereiro, Just Dance, Lady Gaga featuring Colby O'Donis, https://open.spotify.com/track/6Z3fsQfKc6c2qzXZ5Z5Z5Z
2009, Março, Right Round, Flo Rida featuring Ke$ha, https://open.spotify.com/track/6Z3fsQfKc6c2qzXZ5Z5Z5Z
2009, Abril, Boom Boom Pow, The Black Eyed Peas, https://open.spotify.com/track/6Z3fsQfKc6c2qzXZ5Z5Z5Z
2009, Maio, Boom Boom Pow, The Black Eyed Peas, https://open.spotify.com/track/6Z3fsQfKc6c2qzXZ5Z5Z5Z
2009, Junho, I Gotta Feeling, The Black Eyed Peas, https://open.spotify.com/track/6Z3fsQfKc6c2qzXZ5Z5Z5Z
2009, Julho, I Gotta Feeling, The Black Eyed Peas, https://open.spotify.com/track/6Z3fsQfKc6c2qzXZ5Z5Z5Z
2009, Agosto, I Gotta Feeling, The Black Eyed Peas, https://open.spotify.com/track/6Z3fsQfKc6c2qzXZ5Z5Z5Z
2009, Setembro, I Gotta Feeling, The Black Eyed Peas, https://open.spotify.com/track/6Z3fsQfKc6c2qzXZ5Z5Z5Z
2009, Outubro, Down, Jay Sean featuring Lil Wayne, https://open.spotify.com/track/6Z3fsQfKc6c2qzXZ5Z5Z5Z
2009, Novembro, Fireflies, Owl City, https://open.spotify.com/track/6Z3fsQfKc6c2qzXZ5Z5Z5Z
2009, Dezembro, Tik Tok, Ke$ha, https://open.spotify.com/track/6Z3fsQfKc6c2qzXZ5Z5Z5Z
2010, Janeiro, Tik Tok, Ke$ha, https://open.spotify.com/track/6Z3fsQfKc6c2qzXZ5Z5Z5Z
2010, Fevereiro, Tik Tok, Ke$ha, https://open.spotify.com/track/6Z3fsQfKc6c2qzXZ5Z5Z5Z
2010, Março, Imma Be, The Black Eyed Peas, https://open.spotify.com/track/6Z3fsQfKc6c2qzXZ5Z5Z5Z
2010, Abril, Rude Boy, Rihanna, https://open.spotify.com/track/6Z3fsQfKc6c2qzXZ5Z5Z5Z
2010, Maio, Nothin' on You, B.o.B featuring Bruno Mars, https://open.spotify.com/track/6Z3fsQfKc6c2qzXZ5Z5Z5Z
2010, Junho, OMG, Usher featuring will.i.am, https://open.spotify.com/track/6Z3fsQfKc6c2qzXZ5Z5Z5Z
2010, Julho, California Gurls, Katy Perry featuring Snoop Dogg, https://open.spotify.com/track/6Z3fsQfKc6c2qzXZ5Z5Z5Z
2010, Agosto, Love the Way You Lie, Eminem featuring Rihanna, https://open.spotify.com/track/6Z3fsQfKc6c2qzXZ5Z5Z5Z
2010, Setembro, Teenage Dream, Katy Perry, https://open.spotify.com/track/6Z3fsQfKc6c2qzXZ5Z5Z5Z
2010, Outubro, Just the Way You Are, Bruno Mars, https://open.spotify.com/track/6Z3fsQfKc6c2qzXZ5Z5Z5Z
2010, Novembro, Like a G6, Far East Movement featuring The Cataracs & Dev, https://open.spotify.com/track/6Z3fsQfKc6c2qzXZ5Z5Z5Z
2010, Dezembro, Firework, Katy Perry, https://open.spotify.com/track/6Z3fsQfKc6c2qzXZ5Z5Z5Z
2011, Janeiro, Grenade, Bruno Mars, https://open.spotify.com/track/6Z3fsQfKc6c2qzXZ5Z5Z5Z
2011, Fevereiro, Black and Yellow, Wiz Khalifa, https://open.spotify.com/track/6Z3fsQfKc6c2qzXZ5Z5Z5Z
2011, Março, Born This Way, Lady Gaga, https://open.spotify.com/track/6Z3fsQfKc6c2qzXZ5Z5Z5Z
2011, Abril, E.T., Katy Perry featuring Kanye West, https://open.spotify.com/track/6Z3fsQfKc6c2qzXZ5Z5Z5Z
2011, Maio, S&M, Rihanna, https://open.spotify.com/track/6Z3fsQfKc6c2qzXZ5Z5Z5Z
2011, Junho, Rolling in the Deep, Adele, https://open.spotify.com/track/6Z3fsQfKc6c2qzXZ5Z5Z5Z
2011, Julho, Party Rock Anthem, LMFAO featuring Lauren Bennett & GoonRock, https://open.spotify.com/track/6Z3fsQfKc6c2qzXZ5Z5Z5Z
2011, Agosto, Call Me Maybe, Carly Rae Jepsen, https://open.spotify.com/track/6Z3fsQfKc6c2qzXZ5Z5Z5Z
2011, Setembro, Call Me Maybe, Carly Rae Jepsen, https://open.spotify.com/track/6Z3fsQfKc6c2qzXZ5Z5Z5Z
2011, Outubro, We Found Love, Rihanna featuring Calvin Harris, https://open.spotify.com/track/6Z3fsQfKc6c2qzXZ5Z5Z5Z
2011, Novembro, We Found Love, Rihanna featuring Calvin Harris, https://open.spotify.com/track/6Z3fsQfKc6c2qzXZ5Z5Z5Z
2011, Dezembro, We Found Love, Rihanna featuring Calvin Harris, https://open.spotify.com/track/6Z3fsQfKc6c2qzXZ5Z5Z5Z
2012, Janeiro, We Found Love, Rihanna featuring Calvin Harris, https://open.spotify.com/track/6Z3fsQfKc6c2qzXZ5Z5Z5Z
2012, Fevereiro, Set Fire to the Rain, Adele, https://open.spotify.com/track/6Z3fsQfKc6c2qzXZ5Z5Z5Z
2012, Março, Stronger (What Doesn't Kill You), Kelly Clarkson, https://open.spotify.com/track/6Z3fsQfKc6c2qzXZ5Z5Z5Z
2012, Abril, We Are Young, fun. featuring Janelle Monáe, https://open.spotify.com/track/6Z3fsQfKc6c2qzXZ5Z5Z5Z
2012, Maio, Somebody That I Used to Know, Gotye featuring Kimbra, https://open.spotify.com/track/6Z3fsQfKc6c2qzXZ5Z5Z5Z
2012, Junho, Call Me Maybe, Carly Rae Jepsen, https://open.spotify.com/track/6Z3fsQfKc6c2qzXZ5Z5Z5Z
2012, Julho, Call Me Maybe, Carly Rae Jepsen, https://open.spotify.com/track/6Z3fsQfKc6c2qzXZ5Z5Z5Z
2012, Agosto, Whistle, Flo Rida, https://open.spotify.com/track/6Z3fsQfKc6c2qzXZ5Z5Z5Z
2012, Setembro, We Are Never Ever Getting Back Together, Taylor Swift, https://open.spotify.com/track/6Z3fsQfKc6c2qzXZ5Z5Z5Z
2012, Outubro, One More Night, Maroon 5, https://open.spotify.com/track/6Z3fsQfKc6c2qzXZ5Z5Z5Z
2012, Novembro, Diamonds, Rihanna, https://open.spotify.com/track/6Z3fsQfKc6c2qzXZ5Z5Z5Z
2012, Dezembro, Locked Out of Heaven, Bruno Mars, https://open.spotify.com/track/6Z3fsQfKc6c2qzXZ5Z5Z5Z
2013, Janeiro, Locked Out of Heaven, Bruno Mars, https://open.spotify.com/track/6Z3fsQfKc6c2qzXZ5Z5Z5Z
2013, Fevereiro, Thrift Shop, Macklemore & Ryan Lewis featuring Wanz, https://open.spotify.com/track/6Z3fsQfKc6c2qzXZ5Z5Z5Z
2013, Março, Harlem Shake, Baauer, https://open.spotify.com/track/6Z3fsQfKc6c2qzXZ5Z5Z5Z
2013, Abril, Thrift Shop, Macklemore & Ryan Lewis featuring Wanz, https://open.spotify.com/track/6Z3fsQfKc6c2qzXZ5Z5Z5Z
2013, Maio, Can't Hold Us, Macklemore & Ryan Lewis featuring Ray Dalton, https://open.spotify.com/track/6Z3fsQfKc6c2qzXZ5Z5Z5Z
2013, Junho, Blurred Lines, Robin Thicke featuring T.I. & Pharrell, https://open.spotify.com/track/6Z3fsQfKc6c2qzXZ5Z5Z5Z
2013, Julho, Blurred Lines, Robin Thicke featuring T.I. & Pharrell, https://open.spotify.com/track/6Z3fsQfKc6c2qzXZ5Z5Z5Z
2013, Agosto, Blurred Lines, Robin Thicke featuring T.I. & Pharrell, https://open.spotify.com/track/6Z3fsQfKc6c2qzXZ5Z5Z5Z
2013, Setembro, Roar, Katy Perry, https://open.spotify.com/track/6Z3fsQfKc6c2qzXZ5Z5Z5Z
2013, Outubro, Wrecking Ball, Miley Cyrus, https://open.spotify.com/track/6Z3fsQfKc6c2qzXZ5Z5Z5Z
2013, Novembro, Royals, Lorde, https://open.spotify.com/track/6Z3fsQfKc6c2qzXZ5Z5Z5Z
2013, Dezembro, Royals, Lorde, https://open.spotify.com/track/6Z3fsQfKc6c2qzXZ5Z5Z5Z
2014, Janeiro, The Monster, Eminem featuring Rihanna, https://open.spotify.com/track/6Z3fsQfKc6c2qzXZ5Z5Z5Z
2014, Fevereiro, Dark Horse, Katy Perry featuring Juicy J, https://open.spotify.com/track/6Z3fsQfKc6c2qzXZ5Z5Z5Z
2014, Março, Happy, Pharrell Williams, https://open.spotify.com/track/6Z3fsQfKc6c2qzXZ5Z5Z5Z
2014, Abril, Happy, Pharrell Williams, https://open.spotify.com/track/6Z3fsQfKc6c2qzXZ5Z5Z5Z
2014, Maio, All of Me, John Legend, https://open.spotify.com/track/6Z3fsQfKc6c2qzXZ5Z5Z5Z
2014, Junho, Fancy, Iggy Azalea featuring Charli XCX, https://open.spotify.com/track/6Z3fsQfKc6c2qzXZ5Z5Z5Z
2014, Julho, Fancy, Iggy Azalea featuring Charli XCX, https://open.spotify.com/track/6Z3fsQfKc6c2qzXZ5Z5Z5Z
2014, Agosto, Shake It Off, Taylor Swift, https://open.spotify.com/track/6Z3fsQfKc6c2qzXZ5Z5Z5Z
2014, Setembro, Shake It Off, Taylor Swift, https://open.spotify.com/track/6Z3fsQfKc6c2qzXZ5Z5Z5Z
2014, Outubro, All About That Bass, Meghan Trainor, https://open.spotify.com/track/6Z3fsQfKc6c2qzXZ5Z5Z5Z
2014, Novembro, Blank Space, Taylor Swift, https://open.spotify.com/track/6Z3fsQfKc6c2qzXZ5Z5Z5Z
2014, Dezembro, Blank Space, Taylor Swift, https://open.spotify.com/track/6Z3fsQfKc6c2qzXZ5Z5Z5Z
2015, Janeiro, Uptown Funk!, Mark Ronson featuring Bruno Mars, https://open.spotify.com/track/6Z3fsQfKc6c2qzXZ5Z5Z5Z
2015, Fevereiro, Uptown Funk!, Mark Ronson featuring Bruno Mars, https://open.spotify.com/track/6Z3fsQfKc6c2qzXZ5Z5Z5Z
2015, Março, Uptown Funk!, Mark Ronson featuring Bruno Mars, https://open.spotify.com/track/6Z3fsQfKc6c2qzXZ5Z5Z5Z
2015, Abril, Uptown Funk!, Mark Ronson featuring Bruno Mars, https://open.spotify.com/track/6Z3fsQfKc6c2qzXZ5Z5Z5Z
2015, Maio, See You Again, Wiz Khalifa featuring Charlie Puth, https://open.spotify.com/track/6Z3fsQfKc6c2qzXZ5Z5Z5Z
2015, Junho, Bad Blood, Taylor Swift featuring Kendrick Lamar, https://open.spotify.com/track/6Z3fsQfKc6c2qzXZ5Z5Z5Z
2015, Julho, Cheerleader, OMI, https://open.spotify.com/track/6Z3fsQfKc6c2qzXZ5Z5Z5Z
2015, Agosto, Can't Feel My Face, The Weeknd, https://open.spotify.com/track/6Z3fsQfKc6c2qzXZ5Z5Z5Z
2015, Setembro, What Do You Mean?, Justin Bieber, https://open.spotify.com/track/6Z3fsQfKc6c2qzXZ5Z5Z5Z
2015, Outubro, The Hills, The Weeknd, https://open.spotify.com/track/6Z3fsQfKc6c2qzXZ5Z5Z5Z
2015, Novembro, Hello, Adele, https://open.spotify.com/track/6Z3fsQfKc6c2qzXZ5Z5Z5Z
2015, Dezembro, Hello, Adele, https://open.spotify.com/track/6Z3fsQfKc6c2qzXZ5Z5Z5Z
2016, Janeiro, Hello, Adele, https://open.spotify.com/track/6Z3fsQfKc6c2qzXZ5Z5Z5Z
2016, Fevereiro, Love Yourself, Justin Bieber, https://open.spotify.com/track/6Z3fsQfKc6c2qzXZ5Z5Z5Z
2016, Março, Work, Rihanna featuring Drake, https://open.spotify.com/track/6Z3fsQfKc6c2qzXZ5Z5Z5Z
2016, Abril, Work, Rihanna featuring Drake, https://open.spotify.com/track/6Z3fsQfKc6c2qzXZ5Z5Z5Z
2016, Maio, Panda, Desiigner, https://open.spotify.com/track/6Z3fsQfKc6c2qzXZ5Z5Z5Z
2016, Junho, One Dance, Drake featuring WizKid & Kyla, https://open.spotify.com/track/6Z3fsQfKc6c2qzXZ5Z5Z5Z
2016, Julho, One Dance, Drake featuring WizKid & Kyla, https://open.spotify.com/track/6Z3fsQfKc6c2qzXZ5Z5Z5Z
2016, Agosto, One Dance, Drake featuring WizKid & Kyla, https://open.spotify.com/track/6Z3fsQfKc6c2qzXZ5Z5Z5Z
2016, Setembro, Closer, The Chainsmokers featuring Halsey, https://open.spotify.com/track/6Z3fsQfKc6c2qzXZ5Z5Z5Z
2016, Outubro, Closer, The Chainsmokers featuring Halsey, https://open.spotify.com/track/6Z3fsQfKc6c2qzXZ5Z5Z5Z
2016, Novembro, Closer, The Chainsmokers featuring Halsey, https://open.spotify.com/track/6Z3fsQfKc6c2qzXZ5Z5Z5Z
2016, Dezembro, Starboy, The Weeknd featuring Daft Punk, https://open.spotify.com/track/6Z3fsQfKc6c2qzXZ5Z5Z5Z
2017, Janeiro, Bad and Boujee, Migos featuring Lil Uzi Vert, https://open.spotify.com/track/6Z3fsQfKc6c2qzXZ5Z5Z5Z
2017, Fevereiro, Shape of You, Ed Sheeran, https://open.spotify.com/track/6Z3fsQfKc6c2qzXZ5Z5Z5Z
2017, Março, Shape of You, Ed Sheeran, https://open.spotify.com/track/6Z3fsQfKc6c2qzXZ5Z5Z5Z
2017, Abril, Shape of You, Ed Sheeran, https://open.spotify.com/track/6Z3fsQfKc6c2qzXZ5Z5Z5Z
2017, Maio, Humble, Kendrick Lamar, https://open.spotify.com/track/6Z3fsQfKc6c2qzXZ5Z5Z5Z
2017, Junho, Despacito, Luis Fonsi & Daddy Yankee featuring Justin Bieber, https://open.spotify.com/track/6Z3fsQfKc6c2qzXZ5Z5Z5Z
2017, Julho, Despacito, Luis Fonsi & Daddy Yankee featuring Justin Bieber, https://open.spotify.com/track/6Z3fsQfKc6c2qzXZ5Z5Z5Z
2017, Agosto, Despacito, Luis Fonsi & Daddy Yankee featuring Justin Bieber, https://open.spotify.com/track/6Z3fsQfKc6c2qzXZ5Z5Z5Z
2017, Setembro, Look What You Made Me Do, Taylor Swift, https://open.spotify.com/track/6Z3fsQfKc6c2qzXZ5Z5Z5Z
2017, Outubro, Bodak Yellow, Cardi B, https://open.spotify.com/track/6Z3fsQfKc6c2qzXZ5Z5Z5Z
2017, Novembro, Rockstar, Post Malone featuring 21 Savage, https://open.spotify.com/track/6Z3fsQfKc6c2qzXZ5Z5Z5Z
2017, Dezembro, Rockstar, Post Malone featuring 21 Savage, https://open.spotify.com/track/6Z3fsQfKc6c2qzXZ5Z5Z5Z
2018, Janeiro, Perfect, Ed Sheeran, https://open.spotify.com/track/6Z3fsQfKc6c2qzXZ5Z5Z5Z
2018, Fevereiro, God's Plan, Drake, https://open.spotify.com/track/6Z3fsQfKc6c2qzXZ5Z5Z5Z
2018, Março, God's Plan, Drake, https://open.spotify.com/track/6Z3fsQfKc6c2qzXZ5Z5Z5Z
2018, Abril, God's Plan, Drake, https://open.spotify.com/track/6Z3fsQfKc6c2qzXZ5Z5Z5Z
2018, Maio, Nice for What, Drake, https://open.spotify.com/track/6Z3fsQfKc6c2qzXZ5Z5Z5Z
2018, Junho, Nice for What, Drake, https://open.spotify.com/track/6Z3fsQfKc6c2qzXZ5Z5Z5Z
2018, Julho, In My Feelings, Drake, https://open.spotify.com/track/6Z3fsQfKc6c2qzXZ5Z5Z5Z
2018, Agosto, In My Feelings, Drake, https://open.spotify.com/track/6Z3fsQfKc6c2qzXZ5Z5Z5Z
2018, Setembro, In My Feelings, Drake, https://open.spotify.com/track/6Z3fsQfKc6c2qzXZ5Z5Z5Z
2018, Outubro, Girls Like You, Maroon 5 featuring Cardi B, https://open.spotify.com/track/6Z3fsQfKc6c2qzXZ5Z5Z5Z
2018, Novembro, Thank U Next, Ariana Grande, https://open.spotify.com/track/6Z3fsQfKc6c2qzXZ5Z5Z5Z
2018, Dezembro, Thank U Next, Ariana Grande, https://open.spotify.com/track/6Z3fsQfKc6c2qzXZ5Z5Z5Z
2019, Janeiro, Sunflower, Post Malone & Swae Lee, https://open.spotify.com/track/6Z3fsQfKc6c2qzXZ5Z5Z5Z
2019, Fevereiro, 7 Rings, Ariana Grande, https://open.spotify.com/track/6Z3fsQfKc6c2qzXZ5Z5Z5Z
2019, Março, 7 Rings, Ariana Grande, https://open.spotify.com/track/6Z3fsQfKc6c2qzXZ5Z5Z5Z
2019, Abril, Old Town Road, Lil Nas X featuring Billy Ray Cyrus, https://open.spotify.com/track/6Z3fsQfKc6c2qzXZ5Z5Z5Z
2019, Maio, Old Town Road, Lil Nas X featuring Billy Ray Cyrus, https://open.spotify.com/track/6Z3fsQfKc6c2qzXZ5Z5Z5Z
2019, Junho, Old Town Road, Lil Nas X featuring Billy Ray Cyrus, https://open.spotify.com/track/6Z3fsQfKc6c2qzXZ5Z5Z5Z
2019, Julho, Old Town Road, Lil Nas X featuring Billy Ray Cyrus, https://open.spotify.com/track/6Z3fsQfKc6c2qzXZ5Z5Z5Z
2019, Agosto, Old Town Road, Lil Nas X featuring Billy Ray Cyrus, https://open.spotify.com/track/6Z3fsQfKc6c2qzXZ5Z5Z5Z
2019, Setembro, Truth Hurts, Lizzo, https://open.spotify.com/track/6Z3fsQfKc6c2qzXZ5Z5Z5Z
2019, Outubro, Truth Hurts, Lizzo, https://open.spotify.com/track/6Z3fsQfKc6c2qzXZ5Z5Z5Z
2019, Novembro, Someone You Loved, Lewis Capaldi, https://open.spotify.com/track/6Z3fsQfKc6c2qzXZ5Z5Z5Z
2019, Dezembro, Circles, Post Malone, https://open.spotify.com/track/6Z3fsQfKc6c2qzXZ5Z5Z5Z
2020, Janeiro, The Box, Roddy Ricch, https://open.spotify.com/track/6Z3fsQfKc6c2qzXZ5Z5Z5Z
2020, Fevereiro, The Box, Roddy Ricch, https://open.spotify.com/track/6Z3fsQfKc6c2qzXZ5Z5Z5Z
2020, Março, The Box, Roddy Ricch, https://open.spotify.com/track/6Z3fsQfKc6c2qzXZ5Z5Z5Z
2020, Abril, Blinding Lights, The Weeknd, https://open.spotify.com/track/6Z3fsQfKc6c2qzXZ5Z5Z5Z
2020, Maio, Blinding Lights, The Weeknd, https://open.spotify.com/track/6Z3fsQfKc6c2qzXZ5Z5Z5Z
2020, Junho, Rockstar, DaBaby featuring Roddy Ricch, https://open.spotify.com/track/6Z3fsQfKc6c2qzXZ5Z5Z5Z
2020, Julho, Rockstar, DaBaby featuring Roddy Ricch, https://open.spotify.com/track/6Z3fsQfKc6c2qzXZ5Z5Z5Z
2020, Agosto, Cardigan, Taylor Swift, https://open.spotify.com/track/6Z3fsQfKc6c2qzXZ5Z5Z5Z
2020, Setembro, WAP, Cardi B featuring Megan Thee Stallion, https://open.spotify.com/track/6Z3fsQfKc6c2qzXZ5Z5Z5Z
2020, Outubro, WAP, Cardi B featuring Megan Thee Stallion, https://open.spotify.com/track/6Z3fsQfKc6c2qzXZ5Z5Z5Z
2020, Novembro, Mood, 24kGoldn featuring Iann Dior, https://open.spotify.com/track/6Z3fsQfKc6c2qzXZ5Z5Z5Z
2020, Dezembro, Mood, 24kGoldn featuring Iann Dior, https://open.spotify.com/track/6Z3fsQfKc6c2qzXZ5Z5Z5Z
2021, Janeiro, Mood, 24kGoldn featuring Iann Dior, https://open.spotify.com/track/6Z3fsQfKc6c2qzXZ5Z5Z5Z
2021, Fevereiro, Drivers License, Olivia Rodrigo, https://open.spotify.com/track/6Z3fsQfKc6c2qzXZ5Z5Z5Z
2021, Março, Drivers License, Olivia Rodrigo, https://open.spotify.com/track/6Z3fsQfKc6c2qzXZ5Z5Z5Z
2021, Abril, Peaches, Justin Bieber featuring Daniel Caesar & Giveon, https://open.spotify.com/track/6Z3fsQfKc6c2qzXZ5Z5Z5Z
2021, Maio, Levitating, Dua Lipa featuring DaBaby, https://open.spotify.com/track/6Z3fsQfKc6c2qzXZ5Z5Z5Z
2021, Junho, Good 4 U, Olivia Rodrigo, https://open.spotify.com/track/6Z3fsQfKc6c2qzXZ5Z5Z5Z
2021, Julho, Butter, BTS, https://open.spotify.com/track/6Z3fsQfKc6c2qzXZ5Z5Z5Z
2021, Agosto, Stay, The Kid LAROI & Justin Bieber, https://open.spotify.com/track/6Z3fsQfKc6c2qzXZ5Z5Z5Z
2021, Setembro, Stay, The Kid LAROI & Justin Bieber, https://open.spotify.com/track/6Z3fsQfKc6c2qzXZ5Z5Z5Z
2021, Outubro, Stay, The Kid LAROI & Justin Bieber, https://open.spotify.com/track/6Z3fsQfKc6c2qzXZ5Z5Z5Z
2021, Novembro, All Too Well (Taylor's Version), Taylor Swift, https://open.spotify.com/track/6Z3fsQfKc6c2qzXZ5Z5Z5Z
2021, Dezembro, All I Want for Christmas Is You, Mariah Carey, https://open.spotify.com/track/6Z3fsQfKc6c2qzXZ5Z5Z5Z
2022, Janeiro, We Don't Talk About Bruno, Encanto Cast, https://open.spotify.com/track/6Z3fsQfKc6c2qzXZ5Z5Z5Z
2022, Fevereiro, We Don't Talk About Bruno, Encanto Cast, https://open.spotify.com/track/6Z3fsQfKc6c2qzXZ5Z5Z5Z
2022, Março, Heat Waves, Glass Animals, https://open.spotify.com/track/6Z3fsQfKc6c2qzXZ5Z5Z5Z
2022, Abril, As It Was, Harry Styles, https://open.spotify.com/track/6Z3fsQfKc6c2qzXZ5Z5Z5Z
2022, Maio, As It Was, Harry Styles, https://open.spotify.com/track/6Z3fsQfKc6c2qzXZ5Z5Z5Z
2022, Junho, As It Was, Harry Styles, https://open.spotify.com/track/6Z3fsQfKc6c2qzXZ5Z5Z5Z
2022, Julho, As It Was, Harry Styles, https://open.spotify.com/track/6Z3fsQfKc6c2qzXZ5Z5Z5Z
2022, Agosto, Break My Soul, Beyoncé, https://open.spotify.com/track/6Z3fsQfKc6c2qzXZ5Z5Z5Z
2022, Setembro, Super Freaky Girl, Nicki Minaj, https://open.spotify.com/track/6Z3fsQfKc6c2qzXZ5Z5Z5Z
2022, Outubro, Unholy, Sam Smith & Kim Petras, https://open.spotify.com/track/6Z3fsQfKc6c2qzXZ5Z5Z5Z
2022, Novembro, Anti-Hero, Taylor Swift, https://open.spotify.com/track/6Z3fsQfKc6c2qzXZ5Z5Z5Z
2022, Dezembro, All I Want for Christmas Is You, Mariah Carey, https://open.spotify.com/track/6Z3fsQfKc6c2qzXZ5Z5Z5Z
2023, Janeiro, Flowers, Miley Cyrus, https://open.spotify.com/track/6Z3fsQfKc6c2qzXZ5Z5Z5Z
2023, Fevereiro, Flowers, Miley Cyrus, https://open.spotify.com/track/6Z3fsQfKc6c2qzXZ5Z5Z5Z
2023, Março, Flowers, Miley Cyrus, https://open.spotify.com/track/6Z3fsQfKc6c2qzXZ5Z5Z5Z
2023, Abril, Last Night, Morgan Wallen, https://open.spotify.com/track/6Z3fsQfKc6c2qzXZ5Z5Z5Z
2023, Maio, Last Night, Morgan Wallen, https://open.spotify.com/track/6Z3fsQfKc6c2qzXZ5Z5Z5Z
2023, Junho, Last Night, Morgan Wallen, https://open.spotify.com/track/6Z3fsQfKc6c2qzXZ5Z5Z5Z
2023, Julho, Vampire, Olivia Rodrigo, https://open.spotify.com/track/6Z3fsQfKc6c2qzXZ5Z5Z5Z
2023, Agosto, Paint the Town Red, Doja Cat, https://open.spotify.com/track/6Z3fsQfKc6c2qzXZ5Z5Z5Z
2023, Setembro, Paint the Town Red, Doja Cat, https://open.spotify.com/track/6Z3fsQfKc6c2qzXZ5Z5Z5Z
2023, Outubro, Paint the Town Red, Doja Cat, https://open.spotify.com/track/6Z3fsQfKc6c2qzXZ5Z5Z5Z
2023, Novembro, N/A, N/A, N/A
2023, Dezembro, N/A, N/A, N/A
